,0,actual_cs
0, software engineer,"Software Engineer, Vocabulary.com"
1, software engineer,"Software Engineer, IXL Product"
2, software engineer,"Software Engineer - Full-Stack, IXL Business Platform"
3, software engineer,"Software Engineer, Core Technology"
4, software engineer,Mobile Engineering Manager
5, software engineer,"Front-End Software Engineer, IXL Product"
6, software engineer,Build/Release & Test Environment Engineer
7, software engineer,Software engineer to join startup matching unemployed with careers
8, software engineer,Software Engineer (Full Stack) - Education Equity Startup (3rd hire!)
9, software engineer,Part-time REMOTE Coding Tutors (Highschool AP Comp. Sci min req.)
10, developer,Product Management Fellowship
11, developer,Software Engineering Fellowship
12, developer,Data Science Fellowship
13, software engineer,Senior Implementation Specialist (remote)
14, software engineer,Autonomous Vehicle Operations Supervisor (Night Shifts)  | $80k - $84k
15, senior software engineer,Software Engineer
16, software engineer,Start Your New IT Career Today
17, software engineer,Winery Inventory Data Specialist
18, software engineer,"QA Test Analyst II - AR/VR, Bluetooth/Wifi"
19, software engineer,"Senior Software Engineer, Vocabulary.com"
20, machine learning engineer,Software Engineering Manager
21, software development engineer ii,Senior Salesforce Developer
22, software engineer,Software Engineer (Multiple)
23, software engineer,Lab Technician
24, software engineer,"Senior Software Engineer I, User"
25, software engineer,Senior Software Engineer II (Multiple)
26, software engineer,Software Programmer Analyst II/III
27, software engineer,Senior Software Engineer (Search)
28, software development engineer ii,Senior Mobile Engineer (iOS)
29, senior software engineer,Software Engineer
30, software engineer,Autonomous Vehicle Test Specialist | Fastest-Growing Rideshare Company
31, software engineer,"Autonomous Vehicle Operations Supervisor | $80,000 - $84,000 per year"
32, software engineer,Research Software Engineer | $90 - $110 per hour
33, software engineer full stack,Senior Machine Learning Engineer (Multiple)
34, software engineer,Software Engineer - Delivery Engine
35, software engineer,Senior Devops Engineer - 1+PB Storage (FT/Remote)
36, software engineer,UI / UX Designer + Developer - Yes: We're Looking For Both (FT/Remote)
37, software engineer,Code Coach (remote) at theCoderSchool Fremont
38, software engineer,Business Systems Analyst
39, software engineer,"Senior devops engineer, side gig, major equity, music tech"
40, software engineer,Busy lighting shop seeks business/tech-minded intern for short term
41, software engineer,QA Contractor
42, software engineer,"Senior Software Engineer, Teacher Analytics"
43, software engineer,"Product Manager for Wine Production Software, Remote"
44, software engineer,"Product Manager for Wine Production Software, Remote"
45, software engineer,Software Engineer - New Grad (CA)
46, senior software engineer,Software Engineer
47, software engineer,Orange GO Developer
48, senior flutter developer remote,Orange Frontend Developer
49, developer,Software Engineering Fellowship
50, developer,Data Science Fellowship
51, developer,Product Management Fellowship
52, software engineer,2nd Shift QA Inspector
53, software engineer,"Autonomous Vehicle Operations Supervisor | $80,000 - $84,000 per year"
54, software engineer,Unity Software Engineer | $80 - $90 per hour
55, mechatronics intern,"Manager, Engineering/Technical Program Management"
56, software engineer,Airspeed - Founding Engineers
57, software engineer,Unity Software Engineer | $80 - $90 per hour
58, software engineer,Data Engineer | The World's Fastest Growing Rideshare Company
59, software engineer,Rust protocol engineer needed at blockchain startup (remote ok)
60, senior software engineer,Software Engineer
61, software engineer,Product Manager - Proptech
62, software engineer,Code Coach for theCoderSchool
63, software engineer,QA Analyst - New Grad
64, software engineer,QA Analyst
65, software engineer,Full Stack Senior React-saavy Developer
66, software engineer,CMS Project Manager | An Innovative Cloud Storage Company
67, software engineer,Research Software Engineer | $90 - $110 per hour
68, software engineer,Autonomous Vehicle Test Specialist | Fastest-Growing Rideshare Company
69, software engineer,Front End Engineer | The World's Fastest-Growing Rideshare Company
70, software engineer,"Autonomous Vehicle Operations Supervisor | $80,000 - $84,000 per year"
71, software engineer,"Principal Full Stack Engineer (RoR/etc), Full-Time, Remote, Music Tech"
72, software engineer,Software QA Engineer
73, software engineer,Code Coaches/Tutors Needed! (Remote)
74, software engineer reinforcement learning,"Technical Lead, Software Engineering"
75, full stack developer,Principal Solutions Architect
76, software engineer,Autonomous Vehicle Test Specialist | Fastest-Growing Rideshare Company
77, software engineer,"Autonomous Vehicle Operations Supervisor | $80,000 - $84,000 per year"
78, software engineer,Full Stack Developer
79, senior software engineer,Software Engineer
80, software engineer,Become a Top Certified AWS Engineer. No IT background required.
81, software engineer,Earn $$$ from home - Pixel phone tester
82, software engineer,Senior Software Engineer
83, developer,Software Engineering Fellowship
84, developer,Data Science Fellowship
85, developer,Product Management Fellowship
86, software engineer,Certified Encompass Developer/Programmer
87, software engineer,BUSINESS SYSTEMS ANALYST â FORMS MANAGEMENT
88, software engineer,Code Coach (remote) at theCoderSchool Redwood City
89, software engineer,Two IT Project Managers
90, software engineer,ReactJS Developer for Consumer Startup
91, software engineer,Programmer Analyst - County of Sonoma
92, software engineer,ASIC Power Engineer | $50 - $57 per hour
93, software engineer,Front End Engineer | The World's Fastest-Growing Rideshare Company
94, software engineer,"Autonomous Vehicle Operations Supervisor | $80,000 - $84,000 per year"
95, senior software engineer,Software Engineer
96, software engineer,Senior Embedded Firmware Engineer
97, software engineer,Project Manager Lead Programmer
98, software engineer,"Experienced Embedded Systems Engineer/EE, control loops"
99, software engineer,Senior .NET Developer (100% Remote)
100, software engineer,Software Engineer
101, software engineer,"Sound Designer, Interaction Sound | $60 - $73 per hour"
102, software engineer,Interaction Audio Producer | $65 - $76 per hour
103, software engineer,"Audio Producer, Sound Design | $65 - $76 per hour"
104, software engineer,Associate Audio Producer | $50 - $60 per hour
105, software engineer,Data Engineer | The World's Fastest Growing Rideshare Company
106, software engineer,Part-time Coding Tutors
107, software engineer,"Principal full stack engineer, side gig, major equity, music tech"
108, senior software engineer,Software Engineer
109, software engineer,Compliance/UISL Coordinator
110, software engineer,Software Licensing Coordinator
111, software engineer,Community Operations Specialist | $35 - $40 per hour
112, software engineer,Autonomous Vehicle Test Specialist | Fastest-Growing Rideshare Company
113, software engineer,"Autonomous Vehicle Operations Supervisor | $80,000 - $84,000 per year"
114, software engineer,Data Engineer | The World's Fastest Growing Rideshare Company
115, software engineer,Programmer Wanted
116, senior software engineer,Software Engineer
117, software engineer,ASIC Power Engineer | $50 - $57 per hour
118, web developer,Mid-senior backend engineer to join startup for the COVID Unemployed
119, software engineer,â­â­â­Become a Web Developer. No Experience Needed (Remote)
120, software engineer,Product Data Coordinator - Building Materials (Part- or Full-Time)
121, software engineer,Front End Engineer | The World's Fastest-Growing Rideshare Company
122, software engineer,"Autonomous Vehicle Operations Supervisor | $80,000 - $84,000 per year"
123, software engineer,â­â­â­Become a Web Developer. No Experience Needed (Remote)
124, software engineer,Implementation Specialist and Customer Support
125, software engineer,â­â­â­Become a Web Developer. No Experience Needed (Remote)
126, software engineer,Two Data Engineers
127, java developer,Full-Stack Java Developer
128, software engineer,"Software Engineer, Vocabulary.com"
129, software engineer,"Software Engineer, IXL Product"
130, software engineer,"Software Engineer - Full-Stack, IXL Business Platform"
131, software engineer,"Software Engineer, Core Technology"
132, software engineer,"Front-End Software Engineer, IXL Product"
133, software engineer,Mobile Engineering Manager
134, software engineer,Build/Release & Test Environment Engineer
135, software engineer,Senior Implementer - SaaS (remote)
136, software engineer,"Backend Developer - Mobile App (Video Streaming, User Verification)"
137, full stack engineer,Software Lead Engineer
138, software engineer,â­â­â­Become a Web Developer. No Experience Needed (Remote)
139, software engineer,"Autonomous Vehicle Operations Supervisor | $80,000 - $84,000 per year"
140, software engineer,Start Your New IT Career Today
141, software engineer,STEM Teaching Fellowship
142, developer,Data Science Fellowship
143, developer,Product Management Fellowship
144, developer,Software Engineering Fellowship
145, software engineer,Junior Developer Internship - Part Time - Paid
146, software engineer,Data Engineer | The World's Fastest Growing Rideshare Company
147, software engineer,Backend Software Engineer | Worldâs Fastest-Growing Rideshare Company
148, software engineer,Front End Engineer | The World's Fastest-Growing Rideshare Company
149, software engineer,â­â­â­Become a Web Developer. No Experience Needed (Remote)
150, software engineer,Senior Embedded Software (or Systems) Engineer (REMOTE)
151, software engineer,"Software Engineer - Full Stack (JS, Typescript, React, Node, etc.)"
152, io developer,SDET â Contract to Hire - JavaScript with Mobile testing w/Java/Kot)
153, software engineer,Project Manager- Long term contract
154, software engineer,Senior Android Developer
155, software engineer,Senior Software Engineer (Ruby on Rails)
156, devops engineer,Build Engineer(Azure DevOps) for R&D Org
157, developer,Data Science Fellowship
158, developer,Product Management Fellowship
159, developer,Software Engineering Fellowship
160, software engineer,Senior Implementation Specialist - (remote)
161, senior software engineer,Software Engineer
162, software engineer,Start Your New IT Career Today
163, senior software engineer,Software Engineer
164, software engineer,Data Analyst Assistant sought for Financial Investment Modeling
165, software engineer,"Audio Producer, Sound Design | $65 - $76 per hour"
166, software engineer,Interaction Audio Producer | $65 - $76 per hour
167, software engineer,"WEB / .COM - DEVELOPER, DESIGN & DATABASE & PROGRAMMER WANTED! ASAP"
168, software engineer,Senior Web Developer
169, software engineer,Web Developer
170, software engineer,"Senior devops engineer, side gig, major equity, music tech"
171, software engineer,Waterjet Operator
172, software engineer,Software Configuration Engineer
173, software engineer,C++ Developer
174, software engineer,Product Manager for Wine Production Software: Remote
175, software engineer,Software Engineer
176, software engineer,Hiring Senior Front-End Software Engineer for Bio-tech Company
177, senior software engineer,Software Engineer
178, software engineer,C# Vue Software Developers
179, developer,Data Science Fellowship
180, developer,Product Management Fellowship
181, developer,Software Engineering Fellowship
182, software engineer,Unity Prototyper | $60 - $77 per hour
183, software engineer,3D Technical Artist | $50 - $60 per hour
184, software engineer,Interaction Audio Producer | $65 - $76 per hour
185, java developer,Senior Java Developer - Backend - Contract/Contract to Hire
186, lead software engineer,Software Development Manager
187, software engineer,Senior Software Engineer - FTE - great opportunity
188, senior software engineer,Software Engineer
189, software engineer,Software Engineer / Consultant (React / Node.js / TypeScript) (US-base
190, software engineer,"Audio Producer, Sound Design | $65 - $76 per hour"
191, software engineer,"Principal Full Stack Engineer (RoR/etc), Full-Time, Remote, Music Tech"
192, software engineer,Data Analyst Assistant sought for Financial Investment Modeling
193, senior software developer team lead,SENIOR MIGRATION PRACTICE LEAD
194, software engineer,Senior Tableau Consultant - Remote (USA Based)
195, software engineer,Entry Level - Software Developer
196, software engineer,"Senior Software Engineer, Web or Mobile (Remote)"
197, software engineer ii,"Java SDET - (Java, REST, UI/Angular) - Contract to Hire"
198, software engineer,Senior Level Engineer - Gaming
199, software engineer,Embedded Software Engineer
200, senior software engineer,Software Engineer
201, senior game developer remote,Lead - Senior Game Developer
202, software engineer,Earn $$$ from home - Pixel phone tester
203, developer,Data Science Fellowship
204, developer,Product Management Fellowship
205, developer,Software Engineering Fellowship
206, software engineer,Certified Encompass Developer/Programmer
207, software engineer,Residential Proptech Product Leader
208, software engineer,REACT NATIVE APP W/ LARAVEL API & MYSQL
209, software engineer,.Net Developer for Brand New R&D Team
210, java developer,Senior Engineer - Java - Contract/Contract to Hire
211, software engineer,Software Engineer - C#/.NET
212, senior software engineer,Software Engineer
213, software engineer,Data Analyst Assistant sought for Financial Investment Modeling
214, software engineer,Associate Audio Producer | $50 - $60 per hour
215, software engineer,"Audio Producer, Sound Design | $65 - $76 per hour"
216, software engineer,Interaction Audio Producer | $65 - $76 per hour
217, software engineer,Waterjet Operator
218, senior software engineer,Software Engineer
219, software engineer,Senior Embedded Software (or Systems) Engineer (REMOTE)
220, java developer,Senior Java Developer - Backend - Contract/Contract to Hire
221, io developer,SDET â Contract to Hire - JavaScript with Mobile testing w/Java/Kot)
222, software engineer,Unity Prototyper | $50 - $60 per hour
223, software engineer,Test and Automation Engineering Manager for growing SaaS company
224, senior software engineer,Software Engineer
225, software engineer,â­â­â­Become a Web Developer. No Experience Needed (Remote)
226, software engineer,Systems Engineer
227, software engineer,Software Engineer
228, software engineer,Software Configuration Engineer
229, software engineer,C++ Developer
230, software engineer,â­â­â­Become a Web Developer. No Experience Needed (Remote)
231, software engineer,.NET Core 3.x.   VB6 Windows Forms (WinForms) C#
232, software engineer,Data Analyst Assistant sought for Financial Investment Modeling
233, software engineer,From INTERN to ENGINEER â Become an IT EXPERT in 5 Months
234, software engineer,â­â­â­Become a Web Developer. No Experience Needed (Remote)
235, software engineer,"Software Engineer - Full Stack (JS, Typescript, React, Node, etc.)"
236, developer,Senior Rails Developer
237, software engineer,Senior Implementer - SaaS (remote)
238, software engineer,Report Writer/Help Desk Technician
239, software engineer,Database Administrator
240, software engineer,Internship Opportunity: Information Systems Help Desk
241, software engineer,Start Your New IT Career Today
242, developer,Data Science Fellowship
243, developer,Product Management Fellowship
244, developer,Software Engineering Fellowship
245, software engineer,Senior Backend Engineer (Node)
246, software engineer,Unity Prototyper | $50 - $60 per hour
247, android developer kotlin rxjava,Senior Software Engineer / Consultant (React + Node.js) (US-based Remo
248, software engineer,â­â­â­Become a Web Developer. No Experience Needed (Remote)
249, software engineer,Senior Full-Stack Software Engineer (Javascript/Node.js)
250, software engineer,Engineer/Developer Needed
251, developer,Product Management Fellowship
252, developer,Software Engineering Fellowship
253, developer,Data Science Fellowship
254, software engineer,Software Engineer - Engineer Interviewer (Contract-Fully Remote!)
255, software engineer,Front-end developer
256, software engineer,Electronic Health Record Support Specialist
257, software engineer,Sr. C++ Embedded Engineer
258, front end web developer,Marketing Automation Specialist
259, software engineer,"React/React Native Frontend Developer (Remote, Contract)"
260, software engineer,Contractor Backend Developer
261, software engineer,Customer Support Representative (Remote)
262, software engineer,"Product Manager for Wine Production Software, Remote"
263, software engineer,Software Engineer
264, software engineer ii,"Sr. C# developer, with with Automated Test Development Skills"
265, software engineer,C# Vue Software Developers
266, developer,Software Engineering Fellowship
267, developer,Data Science Fellowship
268, developer,Product Management Fellowship
269, software engineer,Front-End Software Engineer for Flight Management Web Application
270, developer,Data Science Fellowship
271, developer,Product Management Fellowship
272, developer,Software Engineering Fellowship
273, software engineer,Senior Software Engineer
274, software engineer,Start Your New IT Career Today
275, software engineer,Software Engineer - Engineer Interviewer (Contract)
276, software engineer,Full Stack Engineer
277, software engineer,Entry Level Engineering Technician
278, software engineer,"Senior devops engineer, side gig, major equity, music tech"
279, android developer kotlin rxjava,Windows Desktop App Developer
280, software engineer,Cloud Software Engineer
281, software development engineer ii,QA Lead
282, software engineer,Customer Support Representative (Remote)
283, developer,Data Science Fellowship
284, developer,Product Management Fellowship
285, developer,Software Engineering Fellowship
286, front end web developer,Mid-Level Full Stack Engineer (J2EE)
287, software engineer,"Principal Full Stack Engineer (RoR/etc), Full-Time, Remote, Music Tech"
288, software engineer,Entry Level - Software Developer
289, developer,Data Science Fellowship
290, developer,Product Management Fellowship
291, developer,Software Engineering Fellowship
292, software engineer,"Cyber Security Analysts! Earn $56,000-$116,000 per year!"
293, software engineer,GREEN APU HIRING SOLIDWORKS & ELECTROMECHANICS PROFESSIONALS
294, software engineer,"Principal full stack engineer, side gig, major equity, music tech"
295, software engineer,Senior Software Engineer
296, software engineer,â­â­â­Start a Web Developer Career Today! No Experience Needed (Remote)
297, software engineer,GREEN APU HIRING SOLIDWORKS & ELECTROMECHANICS PROFESSIONALS
298, software engineer,Rails Engineer (Remote)
299, software engineer,Front End Engineer (Remote)
300, software engineer,React Native Expert needed for a HOT HOT HOT startup!
301, software engineer,â­â­â­Start a Web Developer Career Today! No Experience Needed (Remote)
302, software engineer,Start Your New IT Career Today
303, developer,Data Science Fellowship
304, developer,Product Management Fellowship
305, developer,Software Engineering Fellowship
306, software engineer,Software Engineer-Bringing Custom Machines to Life Around the World!
307, software engineer,Software Engineer-Bringing Custom Machines to Life Around the World!
308, software engineer,Software Engineer - Engineer Interviewer (Contract-Fully Remote!)
309, developer,Data Science Fellowship
310, developer,Product Management Fellowship
311, developer,Software Engineering Fellowship
312, senior software engineer,Software Engineer
313, software engineer,IT Systems Analyst
314, developer,Back-End Developer
315, developer,Full Stack Developer
316, senior software engineer,Software Engineer
317, software engineer,"React/React Native Frontend Developer (Remote, Contract)"
318, software engineer,Contractor Backend Developer
319, senior software engineer,Software Engineer
320, developer,Data Science Fellowship
321, developer,Product Management Fellowship
322, developer,Software Engineering Fellowship
323, senior software engineer,Software Engineer
324, software engineer,Sr. Software Engineer
325, software engineer,Sr. Software Engineer
326, software engineer,Entry Level - Software Developer
327, senior software engineer,Software Engineer
328, software engineer,Best In-Demand IT Skills & Job Training Program
329, software engineer,Earn $$$ from home - Pixel phone tester
330, software engineer,print On-site VR Device Testing
331, developer,Data Science Fellowship
332, developer,Product Management Fellowship
333, developer,Software Engineering Fellowship
334, software engineer,Certified Encompass Developer/Programmer
335, senior software engineer,Software Engineer
336, software qa engineer,Xamarine Software Developer
337, senior software engineer,Software Engineer
338, senior software engineer,Software Engineer
339, software engineer,â­â­â­Become a Web Developer. No Experience Needed (Remote)
340, software engineer,â­â­â­Become a Web Developer. No Experience Needed (Remote)
341, software engineer,database tutor
342, software engineer,PowerBuilder Programmer/Analyst Position
343, software engineer,â­â­â­Become a Web Developer. No Experience Needed (Remote)
344, software engineer,Mortgage Loan Underwriter
345, software engineer,Mortgage Loan Closer
346, software engineer,Junior Items Processing Analyst
347, developer,Data Science Fellowship
348, developer,Product Management Fellowship
349, developer,Software Engineering Fellowship
350, software developer engineer test,Looking For Senior/Staff Software Engineer
351, software engineer,â­â­â­Become a Web Developer. No Experience Needed (Remote)
352, software engineer,On-site VR Device Testing
353, software engineer,Software Engineer - Engineer Interviewer (Contract-Fully Remote!)
354, software engineer,"Manager or Director, Professional Services"
355, software engineer,SEEKING A SYSTEMS INTEGRATION OR PROCESS ANALYST
356, software engineer,Senior Software Engineer
357, software engineer,Start Your New IT Career Today
358, software engineer,Software Engineer - Engineer Interviewer (Contract-Fully Remote!)
359, developer,We are looking for a in house SEO Expert
360, developer,Data Science Fellowship
361, developer,Product Management Fellowship
362, front end web developer,Software Engineering Fellowship
363, software engineer,Mid-Level Full Stack Engineer (J2EE)
364, developer,Entry Level - Software Developer
365, developer,Data Science Fellowship
366, developer,Product Management Fellowship
367, software integration,Software Engineering Fellowship
368, software engineer,"IRIS USA in Surprise, AZ is hiring!"
369, developer,Earn $$$ from home - Pixel phone tester
370, software engineer,ðBecome an IT Specialist & Transform Your Career with Merit America
371, software engineer,Systems Engineer/Web Developer/No Contract Work + Benefits
372, software engineer,Management assistant - virtual
373, software engineer,Project Manager
374, software engineer audio signal processing augmented reality,Software Quality Analyst
375, embedded firmware software engineer,Website Support Jr Team Lead
376, software engineer,Account Manager - Branded Sites
377, software engineer,.net c# SQL  Application Developer
378, software engineer,Senior Software Engineer
379, developer,Systems Engineer/Web Developer/No Contract Work + Benefits
380, developer,Data Science Fellowship
381, developer,Product Management Fellowship
382, software engineer,Software Engineering Fellowship
383, software engineer,Rails Engineer (Remote)
384, software engineer,Front End Engineer (Remote)
385, software engineer,Software Developer
386, software engineer,Start Your New IT Career Today
387, software engineer,Software Engineer - Engineer Interviewer (Contract-Fully Remote!)
388, software engineer,Information Software Administrator
389, software engineer,Junior Software Developer
390, software engineer,Software Engineer (Application Support)
391, developer,Network Engineer
392, developer,Software Engineering Fellowship
393, developer,Data Science Fellowship
394, aws lambda developer,Product Management Fellowship
395, software engineer,Business Analyst
396, software engineer,Business Intelligence Data Analyst
397, software engineer,Software Engineer - Engineer Interviewer (Contract-Fully Remote!)
398, software engineer,Director of Managed Review - Remote
399, software engineer,"Senior devops engineer, side gig, major equity, music tech"
400, software engineer,In-Demand IT Career Skills
401, developer,Seeking Jr level Engineer
402, developer,Software Engineering Fellowship
403, developer,Data Science Fellowship
404, software qa engineer real time payment visa digital developer platform ddp,Product Management Fellowship
405, software engineer,IT Job-Oriented QA Automation/BA/ISTQB Training with COVID-19 Norm
406, software engineer,"Principal Full Stack Engineer (RoR/etc), Full-Time, Remote, Music Tech"
407, software engineer,Java Developer (Entry-Level)
408, software engineer,Entry Level - Software Developer
409, software engineer,Earn $$$ from home - Pixel phone tester
410, developer,$40 user interviews for software engineers
411, developer,Software Engineering Fellowship
412, developer,Data Science Fellowship
413, developer,Product Management Fellowship
414, developer aws experience,ðBecome an IT Specialist & Transform Your Career with Merit America
415, software engineer,.NET programmer needed
416, software engineer,.NET FULL STACK SOFTWARE DEVELOPER
417, developer,Oracle EBS Developer- HCM modules
418, software engineer,"AWS Cloud Engineer, Architect, Big Data, etc."
419, software engineer,"Principal full stack engineer, side gig, major equity, music tech"
420, software engineer,Data Analyst
421, software engineer,â­â­â­Become a Web Developer. No Experience Needed (Remote)
422, software engineer,â­â­â­Become a Web Developer. No Experience Needed (Remote)
423, developer,Seeking full time Electronics Assembler ($20/hr)
424, developer,Data Science Fellowship
425, developer,Product Management Fellowship
426, software engineer,Software Engineering Fellowship
427, software engineer,Principal/Senior Principal Cyber Production Specialist
428, software engineer,Cyber Threat Analyst
429, software engineer,Software Engineer - Engineer Interviewer (Contract-Fully Remote!)
430, java developer ii,Computer Programmer/Analyst - Full Time
431, software engineer,Experienced GPS engineer
432, software engineer,WEB DEVELOPER NEEDED
433, software engineer,"Cyber Security Analysts! Earn $56,000-$117,000 per year!"
434, devops engineer,â­â­â­Become a Web Developer. No Experience Needed (Remote)
435, devops engineer,DevOps Engineer
436, software engineer,DevOps Engineer
437, software engineer,Software Engineer - Engineer Interviewer (Contract-Fully Remote!)
438, software engineer,Autonomous Vehicle Operations Specialist | $20 - $23 per hour
439, software engineer,Autonomous Vehicle Operator | $20 per hour
440, software engineer,Autonomous Vehicle Operations Specialist | $20 - $23 per hour
441, software engineer,Autonomous Vehicle Operator | $20 per hour
442, software engineer,Autonomous Vehicle Operator | $20 per hour
443, software engineer,Autonomous Vehicle Operations Specialist | $20 - $23 per hour
444, software engineer,Autonomous Vehicle Operator | $20 per hour
445, associate game designer contract,Autonomous Vehicle Operations Specialist | $20 - $23 per hour
446, software engineer,PC TECHNICIANS
447, software engineer,Autonomous Vehicle Operations Specialist | $20 - $23 per hour
448, software engineer,Autonomous Vehicle Operator | $20 per hour
449, software engineer,Autonomous Vehicle Operations Specialist | $20 - $23 per hour
450, software engineer,Autonomous Vehicle Operator | $20 per hour
451, software engineer,Autonomous Vehicle Operator | $20 per hour
452, software engineer,Autonomous Vehicle Operations Specialist | $20 - $23 per hour
453, software engineer,Autonomous Vehicle Operator | $20 per hour
454, software engineer,Autonomous Vehicle Operations Specialist | $20 - $23 per hour
455, software engineer,Autonomous Vehicle Operations Specialist | $20 - $23 per hour
456, software engineer,Autonomous Vehicle Operator | $20 per hour
457, software engineer,Entry Level IT/IS
458, software engineer,"Software Engineer, Education.com"
459, software engineer,"Senior Software Engineer, IXL Content"
460, software engineer,"Senior Software Engineer, Education.com"
461, software engineer,Mobile Engineering Manager
462, software engineer,"Software Engineer, IXL Content (NC)"
463, software engineer,Software Engineer - Engineer Interviewer (Contract)
464, software engineer,Software Engineer - New Grad (NC)
465, ui developer,Apprenticeship Software Developer - Recent High School Graduates Only
466, software engineer,Angular Developer
467, software engineer,Senior Embedded Firmware Engineer
468, software engineer,Intranet Development / Updates Needed
469, software engineer,Rails Engineer (Remote)
470, full stack software developer,Front End Engineer (Remote)
471, software engineer,React - SharePoint Developer Needed (Work from home)
472, software engineer,"Software Engineer, Education.com"
473, software engineer,"Senior Software Engineer, IXL Content"
474, software engineer,"Senior Software Engineer, Education.com"
475, software engineer,Mobile Engineering Manager
476, developer,"Software Engineer, IXL Content (NC)"
477, software engineer,Interview Engineer (Remote)
478, software engineer,Entry Level - Software Developer
479, software engineer,Software Engineer - Engineer Interviewer (Contract-Fully Remote!)
480, software engineer,"LIDAR Perception Engineer | $90,000 - $130,000 per year"
481, software engineer,"Software Engineer: SLAM | $90,000 - $130,000 per year"
482, software engineer,"Software Engineer: SLAM | $90,000 - $130,000 per year"
483, software engineer,Apprenticeship Software Developer - Recent High School Graduates Only
484, software engineer,"LIDAR Perception Engineer | $90,000 - $130,000 per year"
485, software engineer,"LIDAR Perception Engineer | $90,000 - $130,000 per year"
486, software engineer,"Software Engineer: SLAM | $90,000 - $130,000 per year"
487, software engineer,"LIDAR Perception Engineer | $90,000 - $130,000 per year"
488, software engineer,"Software Engineer: SLAM | $90,000 - $130,000 per year"
489, software engineer,"Software Engineer: SLAM | $90,000 - $130,000 per year"
490, software engineer,Experienced C# .Net Developer (FT) - Dayton Freight Lines
491, software engineer,Apprenticeship Software Developer - Recent High School Graduates Only
492, software engineer,Software Engineer - Engineer Interviewer (Contract-Fully Remote!)
493, io developer,Software Engineer - Engineer Interviewer (Contract-Fully Remote!)
494, software engineer,Jr. programmer
495, developer,Software Engineer - Engineer Interviewer (Contract-Fully Remote!)
496, developer,Data Science Fellowship
497, developer,Product Management Fellowship
498, software engineer,Software Engineering Fellowship
499, software engineer,IT Training and Career opportunities. No IT background required.
500, software engineer,Apprenticeship Software Developer - Recent High School Graduates Only
501, developer,Entry Level - Software Developer
502, developer,Data Science Fellowship
503, developer,Product Management Fellowship
504, software engineer,Software Engineering Fellowship
505, software engineer,Earn $$$ from home - Pixel phone tester
506, software engineer,"PLC, HMI & Software Specialist"
507, developer,â­â­â­Become a Web Developer. No Experience Needed (Remote)
508, developer,Data Science Fellowship
509, developer,Product Management Fellowship
510, ui developer,Software Engineering Fellowship
511, software integration,ANGULAR Developer - FT Position Available!
512, software engineer,Electronic Test Tech and Microprocessor Tech
513, software engineer,Apprenticeship Software Developer - Recent High School Graduates Only
514, software engineer,Answering Service Call Center Agent
515, full stack software developer,Quality Assurance Analyst
516, software engineer,React - SharePoint Developer Needed (Telecommute)
517, software engineer,"PLC, HMI & Software Specialist"
518, software engineer,Software Engineer - Engineer Interviewer (Contract-Fully Remote!)
519, onshape software development intern modeling,Sr Java Developer
520, software engineer,Software Testing / Support
521, software engineer,IT Training and Career opportunities. No IT background required.
522, software engineer,Software Product Manager ($90k)
523, software engineer,Data Entry Position
524, front end developer,Interview Engineer (Remote)
525, software engineer,Software Engineer/ Software developer/ Cyber Engineers/ Graphic Design
526, software engineer,Autonomous Vehicle Operator | $16 per hour
527, senior software engineer,Senior Software Engineer
528, software engineer,Software Engineer
529, software engineer,Start Your New IT Career Today
530, software engineer,Software Engineer - Engineer Interviewer (Contract-Fully Remote!)
531, senior software engineer,Autonomous Vehicle Operator | $22 - $25 per hour
532, software engineer,Software Engineer
533, software engineer,Junior QA Analyst Trainee - 9am-6pm
534, software engineer,"Senior devops engineer, side gig, major equity, music tech"
535, software engineer,Contractor Backend Developer
536, software engineer,System Administrator / Python Programmer
537, mobile developer,Apprenticeship Software Developer - Recent High School Graduates Only
538, software engineer,Lead UX Designer
539, software engineer,Autonomous Vehicle Operator | $22 - $25 per hour
540, software engineer,Entry Level - Software Developer
541, software engineer,programador plc
542, developer,Earn $$$ from home - Pixel phone tester
543, software engineer,ðBecome an IT Specialist & Transform Your Career with Merit America
544, software engineer,Solid Developer Needed at a Leading Hedge Fund (C#/F#/.NET)
545, software engineer,Autonomous Vehicle Operator | $22 - $25 per hour
546, software engineer,Autonomous Vehicle Operator | $22 - $25 per hour
547, software engineer,Web & Mobile Application Developer
548, software engineer,On-site Voice Testing in Dallas
549, software engineer,"AUTOMOTIVE TECHNICIANS, RETAIL AND MANAGEMENT POSITIONS - Fort Worth"
550, software engineer,Senior Software Engineer
551, software engineer,Start Your New IT Career Today
552, software engineer,Software Developer
553, developer,Autonomous Vehicle Operator | $22 - $25 per hour
554, software engineer,Software Engineering Fellowship
555, software engineer,Start Your New IT Career Today
556, software engineer,Software Engineer - Engineer Interviewer (Contract-Fully Remote!)
557, software qa engineer,Sr Java Developer
558, software engineer,Software Developer
559, software engineer,Software Developer
560, software engineer,Enterprise Application Integration Developer
561, software engineer,Software Developer
562, developer,Quality Assurance Lead
563, developer,Data Science Fellowship
564, developer,Product Management Fellowship
565, software engineer,Software Engineering Fellowship
566, software engineer,Software Application Tester (Part-time On-site)
567, developer,Entry Level - Software Developer
568, developer,Data Science Fellowship
569, developer,Product Management Fellowship
570, software engineer,Software Engineering Fellowship
571, java developer,Earn $$$ from home - Pixel phone tester
572, software engineer,Software Engineer/Technician
573, software engineer,Web Application Developer
574, software engineer,â­â­â­Start a Web Developer Career Today! No Experience Needed (Remote)
575, developer,â­â­â­Start a Web Developer Career Today! No Experience Needed (Remote)
576, developer,Data Science Fellowship
577, developer,Product Management Fellowship
578, software engineer,Software Engineering Fellowship
579, software engineer,â­â­â­Start a Web Developer Career Today! No Experience Needed (Remote)
580, software engineer,Start Your New IT Career Today
581, software engineer,Entry Level Software Developer
