Reference ID,Job Posting Title,Job Family,Job Description,Job Description Summary,Skills,Job Requisition Primary Location,Primary Address - City,Primary Address - State/Province,Qualifications
R-15842,"Manager, Accounting | Corporate Accounting",Accounting,"This individual must have the ability to interpret complex financial and accounting data.  Collaborates and coordinates with finance teams, operations, and support service areas to provide enterprise-wide finance support as applicable.  Must be able to understand and analyze finance trends at a consolidated level and comprehend why and where disparities exist.   Facilitates enterprise financial audits and assists in preparation and review of consolidated reporting.  Serves as corporate point of contact/resource for accounting matters and general financial information.  

Decisions are frequently guided by a combination of team and departmental goals, operational strategies, and standard operating procedures.  Assigns and coordinates work to complete large-scale projects.  Work is deadline oriented and requires full accountability of meeting commitments and ensuring success of the team.   Works on matters where analysis of issues, data, processes and situations requires the evaluation of multiple factors, including understanding of current business trends in own discipline.  Identifies areas of opportunity for improvement.  Recognizes magnitude of errors; anticipates systemic consequences; and proposes solutions. 

Has awareness of daily staffing levels and implements adjustments to staffing ratios according to productivity.  Responsible for hiring, promotions, job changes, employee development, performance reviews, and disciplinary action for all employees within the team or department functional areas.  Functional areas may include payroll, accounts receivable, treasury, prepaids, accruals, subsidiary accounting, fixed assets, insurance, ERP system support, etc. The manager must be professional and demonstrate leadership ability. Must be self-directed, autonomous and yet be able to work well with multiple individuals on a regular basis. Must have excellent critical thinking, problem solving and analytical skills to collaborate with managers. Attention to detail is essential. Must be able to communicate with all levels of management and employees, both orally and in writing. Time management and interpersonal skills are essential. Excellent understanding of accounting principles and standards is required.","Manages the accounting department's operations related to consolidated monthly financial statements, account reconciliations, closing process, external audits, and annual budget and forecast at global level. Ensures financial statement presentation consistency throughout Enterprise and leads standardization efforts for financial processes throughout the enterprise.","Analysis, Leadership, CPA, Process Improvements, Organization, Advanced Excel, ERP, big data, SQL, business intelligence, numerical, Accuracy, SAP, QuickBooks,  Paychex",Sanford Business Center Building,Sioux Falls,South Dakota,"Accounting

Assesses departmental staffing needs; actively participates in resourcing efforts.

Auditing

Bachelor Degree

Collaborating

Conducts evaluations on personnel performance at the work place and recommends improvement plans.

Consults on application of GAAP.

Database Management System

Delegation

Develops and implements organizational accounting practices based on GAAP.

Develops methods for improving and establishing controls for critical processes.

Develops processes and practices that both leverage and develop available talent.

Facilitates preparation for and execution of external audits.

Initiative

Integrates GAAP into overall financial systems.

Knowledge of a Specific Financial or Accounting System

Oversees all operational modules of the accounting systems.

Oversees the process and data flow between accounting systems and sub-systems.

Personnel Management

Producing Results

Project Management

Resolves complex problems and differences of interpretation when applying GAAP.

Staffing, Hiring, Selection

Summarizes decisions, open issues, and action items.

Takes ownership of meeting process and outcome.

Verifies that participants are clear on their respective roles and responsibilities."
R-15959,Tax Accountant | Corporate Accounting,Accounting,"Completes tax account entries for financial statements on a monthly basis. Calculates and enters the month-end and year-end financial entries. Prepares monthly accrual and payment of sales tax; may assist in preparation of annual filing of all federal and state tax compliance (990, state charitable organization reporting, 1120 etc.), as well as compliance for indirect taxes (real estate taxes, sales tax, MinnesotaCare, employee benefits taxes, excise taxes etc.) and all other tax-related activities. May research and draft communications on tax law changes, as well as any operational changes where there is a tax impact.Prepares tax liability projections for quarterly estimated tax payments and management forecasts during budget preparation. Documents monthly tax estimations and ensures appropriate financial reporting. Reviews select general ledger accounts on a monthly basis for appropriateness of tax accruals. Administers the property tax return process. Assists with governmental tax audits; corresponds with appropriate governmental authorities regarding audit issues and/or tax notices. Assists in the implementation of corrective actions or remediation, including training, developing new policies or procedures, and assessment of alternative solutions.Collaborates with colleagues within the accounting department and cross-functional areas to provide tax-related financial information. Understands relationships between all subsidiaries and tax-related implications. May make recommendations for new processes; implements modifications to existing tools, techniques, and processes with approval and guidance from leadership. Keeps current on emerging professional issues and legislation that impact tax accounting practices.Must have excellent communication skills and problem-solving skills. Must have basic understanding of Internal Revenue Service regulations, and multi-state and local tax regulations, with a foundation in generally accepted accounting principles. Must be able to organize and prioritize tasks effectively. Must demonstrate accuracy and attention to detail, internal controls, self-review. Must demonstrate initiative and be able to maintain a high level of energy. Requires a professional commitment to continuous learning and development. Must be knowledgeable of legislature that changes tax regulations. Requires advanced Excel skills (v-lookup, pivot tables, understanding of macros).","The Tax Accountant provides professional tax-related accounting expertise by integrating Internal Revenue Service regulatory guidelines, local and state tax regulations, and organizational objectives.  Gathers and prepares tax-related documents to meet all tax requirements for Sanford.","Analysis, Leadership, CPA, Process Improvements, Organization, Advanced Excel, ERP, big data, SQL, business intelligence, numerical, Accuracy, SAP, QuickBooks,  Paychex",Sanford Business Center Building,Sioux Falls,South Dakota,"Analyzes the interests or requirements of the audience; shares only relevant information in a direct and efficient manner.

Assures accuracy using basic validation and cross-checking techniques.

Collects and prepares documentation for tax filing or tax defense activities.

Customer Support Function

Documents practices, standards and procedures for maintaining and reporting tax information.

Finance and Accounting

Financial Process Documentation

Financial Record Keeping

Follows tax accounting practices and explains the rationale behind these practices.

Identifies and documents specific problems and resolution alternatives.

Internal Controls

Lists the specific internal controls that are being used within the organization.

Managing Multiple Priorities

Problem Solving

Produces written materials in business- and industry-specific technical language.

Resolves common financial problems with risk assessment techniques.

Review financial records such as income statements and documentation of expenditures to determine forms needed to prepare tax returns.

Self-Directed Growth and Development

Tax Regulations

Works with applying tax law to a specific industry or line of business.

Written Communications"
R-16430,Accountant | Corporate Accounting,Accounting,"Completes month-end closing cycle and reconciliation responsibilities. Compiles, organizes, and retains adequate supporting documentation. Prepares accurate journal entries, reconciles the general ledger, and resolves discrepancies as appropriate and in a timely manner. Independently obtains necessary reports and supporting documentation to complete work. Implements internal controls to mitigate errors. Communicates with colleagues in accounting department and other departments as needed to assure the integrity of financial information and accuracy of related deliverables.Demonstrates working knowledge of financial systems and procedures relevant to the enterprise and its subsidiaries; utilizes appropriate systems to update and report consolidated financial results. Creates reports on organization's financial performance for internal and external use. Navigates financial systems autonomously. Demonstrates a full understanding of accounting and finance transaction cycles with the ability to identify interdependencies and relationships among systems and subsidiaries. Requires systems thinking and independent decision-making, seeks guidance and escalates issues to leadership when appropriate.Must have critical thinking and problem solving skills and be able to prioritize multiple tasks effectively, with minimal direction but seeks guidance where needed. Must demonstrate accuracy and attention to detail. Must be fluent in Excel; must be able to accurately create and consistently use advanced formulas and pivot tables, while also streamlining and improving processes. Presents a professional demeanor in interactions with colleagues and in communications.","The Accountant provides timely and accurate financial record keeping and reporting as directed by management, with work generally consisting of day-to-day transactions. Maintains financial records in accordance with Generally Accepted Accounting Principles (GAAP) and organizational standards.","Analysis, Leadership, CPA, Process Improvements, Organization, Advanced Excel, ERP, big data, SQL, business intelligence, numerical, Accuracy, SAP, QuickBooks,  Paychex",Sanford Business Center Building,Sioux Falls,South Dakota,"Accountability

Accuracy and Attention to Detail

Applies basic data-gathering methodologies.

Bachelor Degree

Communication

Data Gathering and Reporting

Decision Making and Critical Thinking

Financial Process Documentation

Financial Record Keeping

General Ledger

Generally Accepted Accounting Principles

Identifies tools commonly used to document financial processes.

Knowledge of a Specific Financial or Accounting System

Managing Multiple Priorities

Performs daily input into the general ledger as a regular part of the work.

Producing Results

Rarely repeats mistakes; learns and adapts from prior errors.

Uses all basic features and facilities of the accounting system.

Uses established accounting practices in day-to-day assignments."
R-18057,Senior Accountant | Corporate Accounting,Accounting,"Routinely identifies and analyzes detailed financial issues while keeping a broad, enterprise-wide perspective. Must understand relationships between all subsidiaries. Regularly identifies appropriate level of data for analysis; reports findings relevant to audience. Responsible for financial reporting and maintaining the general ledger system for assigned entities. Demonstrates expert knowledge of financial systems and procedures relevant to the enterprise and its subsidiaries. Collaborates with colleagues in accounting department and cross-functional areas to assure the integrity of financial information.Identifies areas for improvement and proactively addresses problems within scope of responsibility, while escalating issues to leadership as needed. Regularly makes recommendations for new processes and implementation of internal controls; modifies existing tools, techniques, and processes with approval from leadership. May serve as a project leader and a subject matter expert, keeping current on emerging professional issues. Collaborates with assigned departments and functional areas to stay current on projects and initiatives, while keeping leadership informed.Must have excellent communication skills and problem-solving skills. Must have solid understanding of the global accounting system and its applications. Must be able to organize and prioritize tasks effectively. Must demonstrate accuracy and attention to detail. Must demonstrate initiative and be able to maintain a high level of energy. Requires a professional commitment to continuous learning and development.","The Senior Accountant provides timely and accurate reporting (in accordance with Generally Accepted Accounting Principles (GAAP) and organizational objectives) and analysis to support leadership on financial decisions. Work is complex, consisting of both transactional accounting and multi-faceted financial analysis.","Analysis, Leadership, CPA, Process Improvements, Organization, Advanced Excel, ERP, big data, SQL, business intelligence, numerical, Accuracy, SAP, QuickBooks,  Paychex",Sanford Business Center Building,Sioux Falls,South Dakota,"Accurately gauges the impact and cost of errors, omissions, and oversights.

Adapts standard communication approaches when conducting dialogue with different audiences or conveying messages.

Bachelor Degree

Collaborating Globally

Customer Support Function

Finance and Accounting

Financial Analysis

Financial Record Keeping

Financial Reporting

Follows regulations for entering and reporting the financial content in major accounting systems.

Internal Controls

Interprets major types of financial statements issued by the organization.

Interprets profit and loss statements, balance sheets and financial forecasts.

Participates in the testing, review and analysis of existing internal controls.

Performs at least 2-3 concurrent activities without reducing productivity.

Problem Solving

Self-Directed Growth and Development

Shares information, thoughts and resources with other team members or colleagues. Participates in brainstorming sessions to share new ideas and complete group tasks.

Tax Operations

Uses fact-finding techniques and diagnostic tools to identify problems.

Writes documents that are correct in mechanics - spelling, grammar, punctuation, sentence structure.

Written Communications"
R-18646,"Senior Accountant | GSS Finance, Accounting & Audit",Accounting,"Routinely identifies and analyzes detailed financial issues while keeping a broad, enterprise-wide perspective. Must understand relationships between all subsidiaries. Regularly identifies appropriate level of data for analysis; reports findings relevant to audience. Responsible for financial reporting and maintaining the general ledger system for assigned entities. Demonstrates expert knowledge of financial systems and procedures relevant to the enterprise and its subsidiaries. Collaborates with colleagues in accounting department and cross-functional areas to assure the integrity of financial information.Identifies areas for improvement and proactively addresses problems within scope of responsibility, while escalating issues to leadership as needed. Regularly makes recommendations for new processes and implementation of internal controls; modifies existing tools, techniques, and processes with approval from leadership. May serve as a project leader and a subject matter expert, keeping current on emerging professional issues. Collaborates with assigned departments and functional areas to stay current on projects and initiatives, while keeping leadership informed.Must have excellent communication skills and problem-solving skills. Must have solid understanding of the global accounting system and its applications. Must be able to organize and prioritize tasks effectively. Must demonstrate accuracy and attention to detail. Must demonstrate initiative and be able to maintain a high level of energy. Requires a professional commitment to continuous learning and development.","The Senior Accountant provides timely and accurate reporting (in accordance with Generally Accepted Accounting Principles (GAAP) and organizational objectives) and analysis to support leadership on financial decisions. Work is complex, consisting of both transactional accounting and multi-faceted financial analysis.","Analysis, Leadership, CPA, Process Improvements, Organization, Advanced Excel, ERP, big data, SQL, business intelligence, numerical, Accuracy, SAP, QuickBooks,  Paychex",Sanford Business Center Building,Sioux Falls,South Dakota,"úÿÿÿÿÿÿÿ Category I: No.

úÿÿÿÿÿÿÿ Category II: No.

úÿÿÿÿÿÿÿ Category III: No.

úÿÿÿÿÿÿÿ Clean, repair, or replace patient equipment: No.

úÿÿÿÿÿÿÿ Clean blood spills: No.

úÿÿÿÿÿÿÿ Handle or dispose of contaminated sharps: No.

úÿÿÿÿÿÿÿ Handle regulated waste: No.

úÿÿÿÿÿÿÿ Handle specimens of infectious materials: No.

úÿÿÿÿÿÿÿ Housekeeping tasks in patient and lab areas: No.

úÿÿÿÿÿÿÿ Interaction with patients for any reason: No.

úÿÿÿÿÿÿÿ Preparation or administration of cytotoxic drugs: No.

úÿÿÿÿÿÿÿ Trained and responsible for rendering first aid: No.

úÿÿÿÿÿÿÿ Unpacking, storage or disposal of cytotoxic drugs: No.

Accountability

Accuracy and Attention to Detail

Applies basic data-gathering methodologies.

Atmospheric: Occasional (1 - 33%).

Bachelor Degree

Balance: Occasional (1 - 33%).

Bend - Reach: Occasional (1 - 33%).

Be required to check patient identification bands?: No.

Be required to take Basic Life Support (BLS/CPR): No.

Climb: Occasional (1 - 33%).

Communication

Concentration (Ability to concentrate on work tasks amidst distractions): Frequent (34 - 66%). Must be able to deal with phone and other interruptions throughout the day. The ability to multi-task is essential.

Data Gathering and Reporting

Decision Making and Critical Thinking

Elevated Activity: Occasional (1 - 33%).

Exposure to Noise: Occasional (1 - 33%).

Financial Process Documentation

Financial Record Keeping

General Ledger

Generally Accepted Accounting Principles

Hand Coordination: Frequent (34 - 66%). Keyboarding/Use of Mouse.

Hand Grip: Occasional (1 - 33%).

Handle laundry contaminated with blood or other potentially infectious materials?: No.

Have primary duties that include driving a vehicle, Sanford owned or personal, to perform Sanford business. If yes, please categorize. (Refer to Appendix C on page 8 of the Driver Classification Policy):: No.

Hearing (Ability to actively listen; oral comprehension, to perceive and react to sonic communication or noise e.g. to receive instruction, to communicate via radio, cell phone, or telephone): Continuous (67 - 100%). Must be able to receive detailed information and instructions through oral communication.  Excellent discerning listening skills are required. This position requires excellent auditory skills in order for productive intraoffice dialogue and interaction with regulatory agencies and senior executives.

Identifies tools commonly used to document financial processes.

Knowledge of a Specific Financial or Accounting System

Lift: Occasional (1 - 33%).

Lift - Carry: Occasional (1 - 33%).

Low Level Activity: Occasional (1 - 33%). Kneeling - Duration of 30 seconds. Squatting.

Machinery: Occasional (1 - 33%).

Managing Multiple Priorities

Other (Unique aspects of work environment): Occasional (1 - 33%).

Performs daily input into the general ledger as a regular part of the work.

Pinch Grip: Occasional (1 - 33%).

Potentially be exposed to blood, body fluids, or other biohazards, which includes any of the following:: No.

Potentially comes in contact with cytotoxic (hazardous) drugs which includes any of the following:: No.

Producing Results

Provide patient care?: No.

Push - Pull: Occasional (1 - 33%).

Rarely repeats mistakes; learns and adapts from prior errors.

Self-Control: Frequent (34 - 66%). Must be able to deal effectively with other employees and remain calm in tense situations. Personnel must act professionally and exert self-control when in situations where they are in front of colleagues and external auditors.

Sit: Continuous (67 - 100%). Up to seven hours during the day.

Smell (Ability to sense odors, to make an assessment/judgement of a situation e.g. smell for dangerous gases, smoke, fires, spoiled food, vapors, dampness, waste, decomposing): Occasional (1 - 33%).

Speech (Ability to orally communicate information and ideas verbally so others will understand e.g. to verbally engage with customer base, to give instruction, to advise, to warn or to instruct): Frequent (34 - 66%). Excellent verbal communication skills required as listed above. This position requires excellent oral skills in order for productive intraoffice dialogue and interaction with regulatory agencies and senior executives.

Stand/Walk: Occasional (1 - 33%). Stand - Up to two hours during the day.
Walk - Up to one hour during the day.

Stress (Exposed to stressful situations): Frequent (34 - 66%). Must be able to effectively deal with employees and meet deadlines for closing and other projects. Sometimes there will be tight deadlines to perform quick analyses for senior management.  There are regular monthly and quarterly deadlines dictated by the Health System?s and State?s reporting cycles.

Temperature Change: Occasional (1 - 33%). Indoors.

Uses all basic features and facilities of the accounting system.

Uses established accounting practices in day-to-day assignments.

Vision (Ability to distinguish objects e.g. to work safely in open areas with obstacles, to operate vehicles, machinery or equipment, avoid stationary objects, deduce space and apply spatial reasoning): Continuous (67 - 100%). Must be able to see well enough to use a computer effectively.

Work in building where patient care is provided?: No."
R-18632,"Accountant | GSS Finance, Accounting & Audit",Accounting,"Completes month-end closing cycle and reconciliation responsibilities. Compiles, organizes, and retains adequate supporting documentation. Prepares accurate journal entries, reconciles the general ledger, and resolves discrepancies as appropriate and in a timely manner. Independently obtains necessary reports and supporting documentation to complete work. Implements internal controls to mitigate errors. Communicates with colleagues in accounting department and other departments as needed to assure the integrity of financial information and accuracy of related deliverables.Demonstrates working knowledge of financial systems and procedures relevant to the enterprise and its subsidiaries; utilizes appropriate systems to update and report consolidated financial results. Creates reports on organization's financial performance for internal and external use. Navigates financial systems autonomously. Demonstrates a full understanding of accounting and finance transaction cycles with the ability to identify interdependencies and relationships among systems and subsidiaries. Requires systems thinking and independent decision-making, seeks guidance and escalates issues to leadership when appropriate.Must have critical thinking and problem solving skills and be able to prioritize multiple tasks effectively, with minimal direction but seeks guidance where needed. Must demonstrate accuracy and attention to detail. Must be fluent in Excel; must be able to accurately create and consistently use advanced formulas and pivot tables, while also streamlining and improving processes. Presents a professional demeanor in interactions with colleagues and in communications.","The Accountant provides timely and accurate financial record keeping and reporting as directed by management, with work generally consisting of day-to-day transactions. Maintains financial records in accordance with Generally Accepted Accounting Principles (GAAP) and organizational standards.","Analysis, Leadership, CPA, Process Improvements, Organization, Advanced Excel, ERP, big data, SQL, business intelligence, numerical, Accuracy, SAP, QuickBooks,  Paychex",Sanford Business Center Building,Sioux Falls,South Dakota,"úÿÿÿÿÿÿÿ Category I: No.

úÿÿÿÿÿÿÿ Category II: No.

úÿÿÿÿÿÿÿ Category III: No.

úÿÿÿÿÿÿÿ Clean, repair, or replace patient equipment: No.

úÿÿÿÿÿÿÿ Clean blood spills: No.

úÿÿÿÿÿÿÿ Handle or dispose of contaminated sharps: No.

úÿÿÿÿÿÿÿ Handle regulated waste: No.

úÿÿÿÿÿÿÿ Handle specimens of infectious materials: No.

úÿÿÿÿÿÿÿ Housekeeping tasks in patient and lab areas: No.

úÿÿÿÿÿÿÿ Interaction with patients for any reason: No.

úÿÿÿÿÿÿÿ Preparation or administration of cytotoxic drugs: No.

úÿÿÿÿÿÿÿ Trained and responsible for rendering first aid: No.

úÿÿÿÿÿÿÿ Unpacking, storage or disposal of cytotoxic drugs: No.

Accountability

Accuracy and Attention to Detail

Applies basic data-gathering methodologies.

Atmospheric: Occasional (1 - 33%).

Bachelor Degree

Balance: Occasional (1 - 33%).

Bend - Reach: Occasional (1 - 33%).

Be required to check patient identification bands?: No.

Be required to take Basic Life Support (BLS/CPR): No.

Climb: Occasional (1 - 33%).

Communication

Concentration (Ability to concentrate on work tasks amidst distractions): Frequent (34 - 66%). Must be able to deal with phone and other interruptions throughout the day. The ability to multi-task is essential.

Data Gathering and Reporting

Decision Making and Critical Thinking

Elevated Activity: Occasional (1 - 33%).

Exposure to Noise: Occasional (1 - 33%).

Financial Process Documentation

Financial Record Keeping

General Ledger

Generally Accepted Accounting Principles

Hand Coordination: Frequent (34 - 66%). Keyboarding/Use of Mouse.

Hand Grip: Occasional (1 - 33%).

Handle laundry contaminated with blood or other potentially infectious materials?: No.

Have primary duties that include driving a vehicle, Sanford owned or personal, to perform Sanford business. If yes, please categorize. (Refer to Appendix C on page 8 of the Driver Classification Policy):: No.

Hearing (Ability to actively listen; oral comprehension, to perceive and react to sonic communication or noise e.g. to receive instruction, to communicate via radio, cell phone, or telephone): Continuous (67 - 100%). Must be able to receive detailed information and instructions through oral communication.  Excellent discerning listening skills are required. This position requires excellent auditory skills in order for productive intraoffice dialogue and interaction with regulatory agencies and senior executives.

Identifies tools commonly used to document financial processes.

Knowledge of a Specific Financial or Accounting System

Lift: Occasional (1 - 33%).

Lift - Carry: Occasional (1 - 33%).

Low Level Activity: Occasional (1 - 33%). Kneeling - Duration of 30 seconds. Squatting.

Machinery: Occasional (1 - 33%).

Managing Multiple Priorities

Other (Unique aspects of work environment): Occasional (1 - 33%).

Performs daily input into the general ledger as a regular part of the work.

Pinch Grip: Occasional (1 - 33%).

Potentially be exposed to blood, body fluids, or other biohazards, which includes any of the following:: No.

Potentially comes in contact with cytotoxic (hazardous) drugs which includes any of the following:: No.

Producing Results

Provide patient care?: No.

Push - Pull: Occasional (1 - 33%).

Rarely repeats mistakes; learns and adapts from prior errors.

Self-Control: Frequent (34 - 66%). Must be able to deal effectively with other employees and remain calm in tense situations. Personnel must act professionally and exert self-control when in situations where they are in front of colleagues and external auditors.

Sit: Continuous (67 - 100%). Up to seven hours during the day.

Smell (Ability to sense odors, to make an assessment/judgement of a situation e.g. smell for dangerous gases, smoke, fires, spoiled food, vapors, dampness, waste, decomposing): Occasional (1 - 33%).

Speech (Ability to orally communicate information and ideas verbally so others will understand e.g. to verbally engage with customer base, to give instruction, to advise, to warn or to instruct): Frequent (34 - 66%). Excellent verbal communication skills required as listed above. This position requires excellent oral skills in order for productive intraoffice dialogue and interaction with regulatory agencies and senior executives.

Stand/Walk: Occasional (1 - 33%). Stand - Up to two hours during the day.
Walk - Up to one hour during the day.

Stress (Exposed to stressful situations): Frequent (34 - 66%). Must be able to effectively deal with employees and meet deadlines for closing and other projects. Sometimes there will be tight deadlines to perform quick analyses for senior management.  There are regular monthly and quarterly deadlines dictated by the Health System?s and State?s reporting cycles.

Temperature Change: Occasional (1 - 33%). Indoors.

Uses all basic features and facilities of the accounting system.

Uses established accounting practices in day-to-day assignments.

Vision (Ability to distinguish objects e.g. to work safely in open areas with obstacles, to operate vehicles, machinery or equipment, avoid stationary objects, deduce space and apply spatial reasoning): Continuous (67 - 100%). Must be able to see well enough to use a computer effectively.

Work in building where patient care is provided?: No."
R-19171,Senior Accountant (multiple positions) | Corporate Accounting,Accounting,"Routinely identifies and analyzes detailed financial issues while keeping a broad, enterprise-wide perspective. Must understand relationships between all subsidiaries. Regularly identifies appropriate level of data for analysis; reports findings relevant to audience. Responsible for financial reporting and maintaining the general ledger system for assigned entities. Demonstrates expert knowledge of financial systems and procedures relevant to the enterprise and its subsidiaries. Collaborates with colleagues in accounting department and cross-functional areas to assure the integrity of financial information.Identifies areas for improvement and proactively addresses problems within scope of responsibility, while escalating issues to leadership as needed. Regularly makes recommendations for new processes and implementation of internal controls; modifies existing tools, techniques, and processes with approval from leadership. May serve as a project leader and a subject matter expert, keeping current on emerging professional issues. Collaborates with assigned departments and functional areas to stay current on projects and initiatives, while keeping leadership informed.Must have excellent communication skills and problem-solving skills. Must have solid understanding of the global accounting system and its applications. Must be able to organize and prioritize tasks effectively. Must demonstrate accuracy and attention to detail. Must demonstrate initiative and be able to maintain a high level of energy. Requires a professional commitment to continuous learning and development.","The Senior Accountant provides timely and accurate reporting (in accordance with Generally Accepted Accounting Principles (GAAP) and organizational objectives) and analysis to support leadership on financial decisions. Work is complex, consisting of both transactional accounting and multi-faceted financial analysis.

*** Two Senior Account positions open.","Analysis, Leadership, CPA, Process Improvements, Organization, Advanced Excel, ERP, big data, SQL, business intelligence, numerical, Accuracy, SAP, QuickBooks,  Paychex",Sanford Business Center Building,Sioux Falls,South Dakota,"Accurately gauges the impact and cost of errors, omissions, and oversights.

Adapts standard communication approaches when conducting dialogue with different audiences or conveying messages.

Bachelor Degree

Collaborating Globally

Customer Support Function

Finance and Accounting

Financial Analysis

Financial Record Keeping

Financial Reporting

Follows regulations for entering and reporting the financial content in major accounting systems.

Internal Controls

Interprets major types of financial statements issued by the organization.

Interprets profit and loss statements, balance sheets and financial forecasts.

Participates in the testing, review and analysis of existing internal controls.

Performs at least 2-3 concurrent activities without reducing productivity.

Problem Solving

Self-Directed Growth and Development

Shares information, thoughts and resources with other team members or colleagues. Participates in brainstorming sessions to share new ideas and complete group tasks.

Tax Operations

Uses fact-finding techniques and diagnostic tools to identify problems.

Writes documents that are correct in mechanics - spelling, grammar, punctuation, sentence structure.

Written Communications"
R-16020,Business Intelligence (BI) Analyst | HS Finance,Business Intelligence,"Complete special projects as assigned ensuring that all information meets the highest data integrity. May include other responsibilities such as data integration to and maintenance of applicable databases and other supporting databases.Demonstrate accuracy and attention to detail. Organize and prioritize tasks effectively. Excellent verbal and written communication skills to effectively prepare, present, and discuss reports and studies with management as well as other groups and individuals. Conducts themselves in a professional manner at all times. Good working knowledge of computer based applications. General knowledge of and ability to learn and understand database structure and relationships as well as various statistical concepts and tools. Make independent and timely decisions when circumstances warrant.Ability to conceptualize the abstract. Collect and organize detailed information. Demonstrates ability to use appropriate BI tools and other applications necessary and available for meeting department and customer needs. Learns and integrates new computer applications into daily work environment. Continuously searches for opportunities of automating manual processes and developing on-demand tools for descriptive data.Demonstrate patience, tact, a cheerful disposition and enthusiasm, as well as the willingness and ability to handle difficult situations. Willing to seek out new information and knowledge and be willing to embrace new responsibilities and change. Present data and information in a manner suitable to those receiving it. Openly accept and respond to questions and challenges to the data. Promote data integrity and confidentiality of data when sharing with users.",The Business Intelligence (BI) Analyst is responsible for analyzing and reporting a variety of statistical and clinical data. A crucial requirement will be to analyze trends and outcomes within the data and provide answers and possible solutions for the consumer. This data will be reported accurately and timely.,"Data analysis, SQL, Business Intelligence, Tableau, Visualization, ETL, Data warehousing, database, Python, R, SAS, modeling, Qlik, Hadoop, igQuery, Redshift",Annex Building,Fargo,North Dakota,"Accuracy and Attention to Detail

Analyzes and interprets common statistical data and reports.

Business Analytics

Business Intelligence

Demonstrates ability to get things done in own unit or area.

Generates and interprets basic statistical data.

Interpersonal Relationships

Perceives lack of audience comprehension; further simplifies explanation when needed.

Provides a quality of service that customers describe as excellent.

Recognizes ethical requirements within own area of responsibility.

Researches business related data and generates and interprets basic analytics.

Supports the mission, vision, and objectives of own department or unit.

Teamwork

Under guidance, serves as a mentor.

Uses logic and intuition to make inferences about the meaning of the data and arrive at conclusions."
R-18569,Business Intelligence (BI) Analyst | Enterprise Data & Analytics | Multi-City,Business Intelligence,"Complete special projects as assigned ensuring that all information meets the highest data integrity. May include other responsibilities such as data integration to and maintenance of applicable databases and other supporting databases.Demonstrate accuracy and attention to detail. Organize and prioritize tasks effectively. Excellent verbal and written communication skills to effectively prepare, present, and discuss reports and studies with management as well as other groups and individuals. Conducts themselves in a professional manner at all times. Good working knowledge of computer based applications. General knowledge of and ability to learn and understand database structure and relationships as well as various statistical concepts and tools. Make independent and timely decisions when circumstances warrant.Ability to conceptualize the abstract. Collect and organize detailed information. Demonstrates ability to use appropriate BI tools and other applications necessary and available for meeting department and customer needs. Learns and integrates new computer applications into daily work environment. Continuously searches for opportunities of automating manual processes and developing on-demand tools for descriptive data.Demonstrate patience, tact, a cheerful disposition and enthusiasm, as well as the willingness and ability to handle difficult situations. Willing to seek out new information and knowledge and be willing to embrace new responsibilities and change. Present data and information in a manner suitable to those receiving it. Openly accept and respond to questions and challenges to the data. Promote data integrity and confidentiality of data when sharing with users.","The Business Intelligence (BI) Analyst is responsible for analyzing and reporting a variety of statistical and clinical data. A crucial requirement will be to analyze trends and outcomes within the data and provide answers and possible solutions for the consumer. This data will be reported accurately and timely.

This position is based in the Enterprise Data & Analytics department and primarily works with data associated with the health system?s Population Health initiatives. Population Health encompasses medical/care management, client attribution, EMR/claims data alignment and Patient risk methodologies. As an enterprise focused position the BI Analyst supports Sanford Health Services (HSD), Sanford Health Plan (SHP) and Good Samaritan Society (GSS) divisions collectively.  

The BI Analyst ? Population Health key responsibilities include:

Data Analytics
?	Data validation activities to ensure data accuracy and consistency
?	Data analysis activities to identify and communicate data trends, patterns, opportunities, etc. 
?	Data governance activities to coordinate opportunities, requirements & compliance
?	Data presentation activities (e.g. visualization, storytelling)
?	Patient attribution activities to ensure accuracy for all dependent systems and processes

EDA Teams Coordination
?	Core BI Analysts responsible for quality, client experience, benchmarking & Health Plan
?	Core BI Report Developers 
?	Expanded BI Advanced Analysts and BI System Developers

Population Health Support
?	Medical/Care Management
o	NCQA Population Health Management (PHM) requirements, compliance
o	Patient outreach
o	Patient condition registries
o	Post-discharge follow-up
o	Referral tracking 
o	Behavioral health 
o	Utilization management

?	Client attribution (i.e. patient, member, client)
o	Attributed PCP
o	Roster management
o	CPC+ all patients seen (i.e. Px list)

?	EMR/claims data alignment
o	Payer coordination
o	CDW

?	Patient risk methodologies
o	Risk stratification (e.g. high risk patients)
o	Risk factors
o	Risk adjustment","Data analysis, SQL, Business Intelligence, Tableau, Visualization, ETL, Data warehousing, database, Python, R, SAS, modeling, Qlik, Hadoop, igQuery, Redshift",GSS National Campus,Sioux Falls,South Dakota,"úÿÿÿÿÿÿÿ Category I: No.

úÿÿÿÿÿÿÿ Category II: No.

úÿÿÿÿÿÿÿ Category III: No.

úÿÿÿÿÿÿÿ Clean, repair, or replace patient equipment: No.

úÿÿÿÿÿÿÿ Clean blood spills: No.

úÿÿÿÿÿÿÿ Handle or dispose of contaminated sharps: No.

úÿÿÿÿÿÿÿ Handle regulated waste: No.

úÿÿÿÿÿÿÿ Handle specimens of infectious materials: No.

úÿÿÿÿÿÿÿ Housekeeping tasks in patient and lab areas: No.

úÿÿÿÿÿÿÿ Interaction with patients for any reason: No.

úÿÿÿÿÿÿÿ Preparation or administration of cytotoxic drugs: No.

úÿÿÿÿÿÿÿ Trained and responsible for rendering first aid: No.

úÿÿÿÿÿÿÿ Unpacking, storage or disposal of cytotoxic drugs: No.

Accuracy and Attention to Detail

Analyzes and interprets common statistical data and reports.

Atmospheric: Occasional (1 - 33%).

Balance: Occasional (1 - 33%).

Bend - Reach: Occasional (1 - 33%). Above shoulder level. Twisting.

Be required to check patient identification bands?: No.

Be required to take Basic Life Support (BLS/CPR): No.

Business Analytics

Business Intelligence

Climb: Occasional (1 - 33%).

Concentration (Ability to concentrate on work tasks amidst distractions): Frequent (34 - 66%). Numerous telephone distractions throughout working day. Frequent interruption of planned workday due to situations requiring immediate investigation or intervention. Must be able to think quickly and focus well on issues, formulate responses promptly and accurately.

Demonstrates ability to get things done in own unit or area.

Elevated Activity: Occasional (1 - 33%).

Exposure to Noise: Occasional (1 - 33%).

Generates and interprets basic statistical data.

Hand Coordination: Continuous (67 - 100%). Keyboarding/Use of Mouse.

Hand Grip: Frequent (34 - 66%).

Handle laundry contaminated with blood or other potentially infectious materials?: No.

Have primary duties that include driving a vehicle, Sanford owned or personal, to perform Sanford business. If yes, please categorize. (Refer to Appendix C on page 8 of the Driver Classification Policy):: No.

Hearing (Ability to actively listen; oral comprehension, to perceive and react to sonic communication or noise e.g. to receive instruction, to communicate via radio, cell phone, or telephone): Continuous (67 - 100%). Must be able to receive detailed information through oral communication, and to make fine discriminations in sound; i.e., using a telephone. This would include all aspects of communication with other health care staff.

Interpersonal Relationships

Lift: Occasional (1 - 33%).

Lift - Carry: Occasional (1 - 33%). Occasionally 10 lbs.

Low Level Activity: Occasional (1 - 33%). Kneeling - Duration of 30 seconds. Squatting.

Machinery: Occasional (1 - 33%). Paper shredder.

Other (Unique aspects of work environment): Occasional (1 - 33%).

Perceives lack of audience comprehension; further simplifies explanation when needed.

Pinch Grip: Frequent (34 - 66%).

Potentially be exposed to blood, body fluids, or other biohazards, which includes any of the following:: No.

Potentially comes in contact with cytotoxic (hazardous) drugs which includes any of the following:: No.

Provide patient care?: No.

Provides a quality of service that customers describe as excellent.

Push - Pull: Occasional (1 - 33%). Occasionally 10 lbs.

Recognizes ethical requirements within own area of responsibility.

Researches business related data and generates and interprets basic analytics.

Self-Control: Frequent (34 - 66%). Required self-motivation due to the independent nature of the work. Must be able to exert self-control and confidence even under stress or amidst distractions. Must be able to calmly explain and defend information presented even in face of extreme objections.

Sit: Frequent (34 - 66%). Up to six hours during the day.

Smell (Ability to sense odors, to make an assessment/judgement of a situation e.g. smell for dangerous gases, smoke, fires, spoiled food, vapors, dampness, waste, decomposing): Occasional (1 - 33%).

Speech (Ability to orally communicate information and ideas verbally so others will understand e.g. to verbally engage with customer base, to give instruction, to advise, to warn or to instruct): Frequent (34 - 66%). Excellent verbal communication skills required as listed above. Must be able to express or exchange ideas by means of the spoken word. Those activities, which must convey detailed or important spoken instructions to other workers accurately, loudly, or quickly include all aspects of communication other health care staff.

Stand/Walk: Occasional (1 - 33%). Stand - Up to two hours during the day.
Walk - Up to 30 minutes during the day.

Stress (Exposed to stressful situations): Frequent (34 - 66%). Frequent sudden changes in work load and/or priority tasks at hand. Occasionally must work with disgruntled visitor employee situations. May need to answer representatives from regulatory agencies such as JCAHO, State Dept. of Health, or OSHA. Work under tight deadlines, short notice, and in tense situations.

Supports the mission, vision, and objectives of own department or unit.

Teamwork

Temperature Change: Occasional (1 - 33%).

Under guidance, serves as a mentor.

Uses logic and intuition to make inferences about the meaning of the data and arrive at conclusions.

Vision (Ability to distinguish objects e.g. to work safely in open areas with obstacles, to operate vehicles, machinery or equipment, avoid stationary objects, deduce space and apply spatial reasoning): Continuous (67 - 100%). Must be able to read small print on paper and computer screens.

Work in building where patient care is provided?: No."
R-18946,Business Intelligence Analyst | EDA Financial/HR | Multi-City,Business Intelligence,"Complete special projects as assigned ensuring that all information meets the highest data integrity. May include other responsibilities such as data integration to and maintenance of applicable databases and other supporting databases.Demonstrate accuracy and attention to detail. Organize and prioritize tasks effectively. Excellent verbal and written communication skills to effectively prepare, present, and discuss reports and studies with management as well as other groups and individuals. Conducts themselves in a professional manner at all times. Good working knowledge of computer based applications. General knowledge of and ability to learn and understand database structure and relationships as well as various statistical concepts and tools. Make independent and timely decisions when circumstances warrant.Ability to conceptualize the abstract. Collect and organize detailed information. Demonstrates ability to use appropriate BI tools and other applications necessary and available for meeting department and customer needs. Learns and integrates new computer applications into daily work environment. Continuously searches for opportunities of automating manual processes and developing on-demand tools for descriptive data.Demonstrate patience, tact, a cheerful disposition and enthusiasm, as well as the willingness and ability to handle difficult situations. Willing to seek out new information and knowledge and be willing to embrace new responsibilities and change. Present data and information in a manner suitable to those receiving it. Openly accept and respond to questions and challenges to the data. Promote data integrity and confidentiality of data when sharing with users.",The Business Intelligence (BI) Analyst is responsible for analyzing and reporting a variety of statistical and clinical data. A crucial requirement will be to analyze trends and outcomes within the data and provide answers and possible solutions for the consumer. This data will be reported accurately and timely.,"Data analysis, SQL, Business Intelligence, Tableau, Visualization, ETL, Data warehousing, database, Python, R, SAS, modeling, Qlik, Hadoop, igQuery, Redshift",GSS National Campus,Sioux Falls,South Dakota,"Accuracy and Attention to Detail

Analyzes and interprets common statistical data and reports.

Business Analytics

Business Intelligence

Demonstrates ability to get things done in own unit or area.

Generates and interprets basic statistical data.

Interpersonal Relationships

Perceives lack of audience comprehension; further simplifies explanation when needed.

Provides a quality of service that customers describe as excellent.

Recognizes ethical requirements within own area of responsibility.

Researches business related data and generates and interprets basic analytics.

Supports the mission, vision, and objectives of own department or unit.

Teamwork

Under guidance, serves as a mentor.

Uses logic and intuition to make inferences about the meaning of the data and arrive at conclusions."
R-07829,CRNA | Anesthesiology,CRNA,"Administers anesthesia or sedation to patients undergoing a variety of surgical and non-surgical procedures. Develops and conducts pre-anesthetic plan for the patient as well as write orders before, after, and during procedures appropriately. Works with and collaborates with providers caring for the patient. Communicates with patients, family members and others on the health care team. Evaluates and orders diagnostic tests as needed. Monitors patients, including hemodynamic monitoring, using current techniques to adjust appropriately with the anesthesia plan. Ability to work with growth and development needs of all client populations.",Responsible for the administration of anesthesia.,"RN license, intravenous, inject, administer anesthesia, monitored, examined, provided, performed",Surgical Tower,Sioux Falls,South Dakota,
R-08282,CRNA | Dickinson West,CRNA,"Administers anesthesia or sedation to patients undergoing a variety of surgical and non-surgical procedures.  Develops and conducts pre-anesthetic plan for the patient as well as write orders before, after, and during procedures appropriately.  Works with and collaborates with providers caring for the patient.  Communicates with patients, family members and others on the health care team.  Evaluates and orders diagnostic tests as needed.  Monitors patients, including hemodynamic monitoring, using current techniques to adjust appropriately with the anesthesia plan.  Ability to work with growth and development needs of all client populations.",Responsible for the administration of anesthesia.,"RN license, intravenous, inject, administer anesthesia, monitored, examined, provided, performed",Dickinson West Clinic,Dickinson,North Dakota,"Anesthesia

Assess patients' medical histories to predict anesthesia response.

Bachelor Degree

Collaborating

Communication

Delivers written and oral communication, responds to questions and concerns, and produce specific outcomes and impact.

Evaluate patients' post-surgical or post-anesthesia responses, taking appropriate corrective actions or requesting consultation if complications occur.

Follows all anesthesia protocols (e.g. informed consent, allergen verification, etc.).

Informs patients of their preparatory responsibilities before undergoing anesthesia.

Initiative

Maintains current certifications in specialty and continues education when necessary.

Master Degree

Monitors patients' anesthesia depth and vital signs.

Patient Assessment and Care

Patient Chart Reading and Interpretation

Performing age related patient assessments and nursing interventions.

Prepares intravenous drugs and intravenous therapy administration equipment.

Presents a professional image, especially when dealing with customers.

Quality of Care ? Safe, Reliable Patient Centered Care

Responsible for promoting a safe environment for patients, families, staff, residents, and visitors and works collaboratively with the multi-disciplinary health care team to provide the best outcomes for patients.

Select and prescribe post-anesthesia medications or treatments to patients.

Selects suitable equipment (e.g. electrocardiography, oxygen saturation devices) to complete required procedures.

Teamwork

Uses varying problem-solving approaches and techniques as appropriate."
R-11647,CRNA | Aberdeen Medical Center,CRNA,"Administers anesthesia or sedation to patients undergoing a variety of surgical and non-surgical procedures. Develops and conducts pre-anesthetic plan for the patient as well as write orders before, after, and during procedures appropriately. Works with and collaborates with providers caring for the patient. Communicates with patients, family members and others on the health care team. Evaluates and orders diagnostic tests as needed. Monitors patients, including hemodynamic monitoring, using current techniques to adjust appropriately with the anesthesia plan. Ability to work with growth and development needs of all client populations.",Responsible for the administration of anesthesia.,"RN license, intravenous, inject, administer anesthesia, monitored, examined, provided, performed",Aberdeen Medical Center,Aberdeen,South Dakota,"Anesthesia

Assess patients' medical histories to predict anesthesia response.

Bachelor Degree

Collaborating

Communication

Delivers written and oral communication, responds to questions and concerns, and produce specific outcomes and impact.

Evaluate patients' post-surgical or post-anesthesia responses, taking appropriate corrective actions or requesting consultation if complications occur.

Follows all anesthesia protocols (e.g. informed consent, allergen verification, etc.).

Informs patients of their preparatory responsibilities before undergoing anesthesia.

Initiative

Maintains current certifications in specialty and continues education when necessary.

Master Degree

Monitors patients' anesthesia depth and vital signs.

Patient Assessment and Care

Patient Chart Reading and Interpretation

Performing age related patient assessments and nursing interventions.

Prepares intravenous drugs and intravenous therapy administration equipment.

Presents a professional image, especially when dealing with customers.

Quality of Care ? Safe, Reliable Patient Centered Care

Responsible for promoting a safe environment for patients, families, staff, residents, and visitors and works collaboratively with the multi-disciplinary health care team to provide the best outcomes for patients.

Select and prescribe post-anesthesia medications or treatments to patients.

Selects suitable equipment (e.g. electrocardiography, oxygen saturation devices) to complete required procedures.

Teamwork

Uses varying problem-solving approaches and techniques as appropriate."
R-15480,CRNA,CRNA,"Administers anesthesia or sedation to patients undergoing a variety of surgical and non-surgical procedures. Develops and conducts pre-anesthetic plan for the patient as well as write orders before, after, and during procedures appropriately. Works with and collaborates with providers caring for the patient. Communicates with patients, family members and others on the health care team. Evaluates and orders diagnostic tests as needed. Monitors patients, including hemodynamic monitoring, using current techniques to adjust appropriately with the anesthesia plan. Ability to work with growth and development needs of all client populations.",Responsible for the administration of anesthesia.,"RN license, intravenous, inject, administer anesthesia, monitored, examined, provided, performed",Surgical Tower,Sioux Falls,South Dakota,"Anesthesia

Assess patients' medical histories to predict anesthesia response.

Bachelor Degree

Collaborating

Communication

Delivers written and oral communication, responds to questions and concerns, and produce specific outcomes and impact.

Evaluate patients' post-surgical or post-anesthesia responses, taking appropriate corrective actions or requesting consultation if complications occur.

Follows all anesthesia protocols (e.g. informed consent, allergen verification, etc.).

Informs patients of their preparatory responsibilities before undergoing anesthesia.

Initiative

Maintains current certifications in specialty and continues education when necessary.

Master Degree

Monitors patients' anesthesia depth and vital signs.

Patient Assessment and Care

Patient Chart Reading and Interpretation

Performing age related patient assessments and nursing interventions.

Prepares intravenous drugs and intravenous therapy administration equipment.

Presents a professional image, especially when dealing with customers.

Quality of Care ? Safe, Reliable Patient Centered Care

Responsible for promoting a safe environment for patients, families, staff, residents, and visitors and works collaboratively with the multi-disciplinary health care team to provide the best outcomes for patients.

Select and prescribe post-anesthesia medications or treatments to patients.

Selects suitable equipment (e.g. electrocardiography, oxygen saturation devices) to complete required procedures.

Teamwork

Uses varying problem-solving approaches and techniques as appropriate."
R-15196,HR Technology Administrator (HRIS) | HR Operations,HRIS,"Implement and support file loads into various HR systems. Administer unit and integrated testing of data for new system implementations, upgrades, and enhancements. Coordinate with Information Technology (IT) with integration development and testing as needed.Maintain the data upload processes and methods for various systems. Run regression test scripts for software releases. Follow policies and procedures related to complex programming for data loads and testing scripts. Review all applicable logs to identify data format or programming errors data loads and regression testing. Monitor the quality of the data to assure a stable and consistent production environment. Ensure assigned projects completed on time with end user expectations either met or exceeded, and a quality product/service delivered. Communicate status of projects and tasks to management. Monitor service requests, ensure all addressed and resolved within department Service Level Agreements. Ability to troubleshoot and resolve issues timely while escalating as needed. Take initiative for identifying process improvements and application enhancements. Maintain professional growth and development to keep abreast of latest trends in field of expertise. Perform other related duties as assigned. Technologies exposed to include Python, HL7, Web Services, FHIR, SOAP, RESTful API's, .json formats, XML, and programming or scripting languages.","Utilizing various technology and programming software, the Human Resources (HR) Enabling Technologies Administrator Sanford Health is responsible for supporting the data management between various HR systems. Assist in programming and managing automated regression testing scripts.","administration, technical knowledge, Analytical, ",Sanford Business Center Building,Sioux Falls,South Dakota,
R-15813,Associate Corporate Counsel Marketing & Development | Sioux Falls,Legal Services,"Researches projects as requested including case law and/or statutory research as it pertains to specific legal questions. As necessary, may assist the Sanford Compliance Department, Privacy Office, Public Policy Office and other departments within Sanford Health on a project-specific basis. Will also provide document drafting and other legal transactional support, as well as maintain a high level of knowledge of current laws and regulations to ensure Sanford is compliant with federal policies. Will complete some drafting of internal opinions for various Sanford departments and/or affiliates requesting interpretations of laws and policies.","Assists the Legal Department with the preparation, review, and negotiation of contracts and other transactional projects for the various Sanford affiliates.",,GSS National Campus,Sioux Falls,South Dakota,"Accuracy and Attention to Detail

Applies appropriate confidentiality and the sense of urgency in confidential investigation.

Claim Investigation

Communication

Confidential Investigations

General Computer Competencies

Identifies and considers alternative approaches to situations or problems.

Initiates communication with other individuals or teams to solve shared problems cooperatively.

Initiative

Knowledge of laws, legal codes, court procedures, precedents, government regulations, executive orders, agency rules, and the democratic political process.

Knowledge of the value of self-motivation and initiative; ability and willingness to seek out work and the drive to accomplish goals.

Plays an active role in communicating acceptable behavior for personal effectiveness.

Reinforces positive contributions and recommends adjustments for improving outcomes.

Reliably meets all team commitments, quotas, and goals.

Researches organizational and industry examples of similar business cases.

Reviews and discusses common problems with written text.

Reviews others' writing or presentations and provides feedback and coaching.

Technical Writing

Works with word processing software to process and organize basic documents."
R-19159,Associate Corporate Counsel,Legal Services,"Researches projects as requested including case law and/or statutory research as it pertains to specific legal questions. As necessary, may assist the Sanford Compliance Department, Privacy Office, Public Policy Office and other departments within Sanford Health on a project-specific basis. Will also provide document drafting and other legal transactional support, as well as maintain a high level of knowledge of current laws and regulations to ensure Sanford is compliant with federal policies. Will complete some drafting of internal opinions for various Sanford departments and/or affiliates requesting interpretations of laws and policies.","Assists the Legal Department with the preparation, review, and negotiation of contracts and other transactional projects for the various Sanford affiliates.",,GSS National Campus,Sioux Falls,South Dakota,"úÿÿÿÿÿÿÿ Category I: No.

úÿÿÿÿÿÿÿ Category II: No.

úÿÿÿÿÿÿÿ Category III: No.

úÿÿÿÿÿÿÿ Clean, repair, or replace patient equipment: No.

úÿÿÿÿÿÿÿ Clean blood spills: No.

úÿÿÿÿÿÿÿ Handle or dispose of contaminated sharps: No.

úÿÿÿÿÿÿÿ Handle regulated waste: No.

úÿÿÿÿÿÿÿ Handle specimens of infectious materials: No.

úÿÿÿÿÿÿÿ Housekeeping tasks in patient and lab areas: No.

úÿÿÿÿÿÿÿ Interaction with patients for any reason: Yes. Depending on Department and Location.

úÿÿÿÿÿÿÿ Preparation or administration of cytotoxic drugs: No.

úÿÿÿÿÿÿÿ Trained and responsible for rendering first aid: No.

úÿÿÿÿÿÿÿ Unpacking, storage or disposal of cytotoxic drugs: No.

Accuracy and Attention to Detail

Applies appropriate confidentiality and the sense of urgency in confidential investigation.

Atmospheric: Occasional (1 - 33%).

Balance: Occasional (1 - 33%).

Bend - Reach: Occasional (1 - 33%). Occasionally reach above shoulder level. Twisting.

Be required to check patient identification bands?: No.

Be required to take Basic Life Support (BLS/CPR): No.

Claim Investigation

Climb: Occasional (1 - 33%).

Communication

Concentration (Ability to concentrate on work tasks amidst distractions): Continuous (67 - 100%). Work must be done accurately.  Constant interruptions taking place in a multi-function office.

Confidential Investigations

Elevated Activity: Occasional (1 - 33%).

Exposure to Noise: Occasional (1 - 33%).

General Computer Competencies

Hand Coordination: Continuous (67 - 100%). Keyboarding/Use of Mouse.

Hand Grip: Occasional (1 - 33%).

Handle laundry contaminated with blood or other potentially infectious materials?: No.

Have primary duties that include driving a vehicle, Sanford owned or personal, to perform Sanford business. If yes, please categorize. (Refer to Appendix C on page 8 of the Driver Classification Policy):: No.

Hearing (Ability to actively listen; oral comprehension, to perceive and react to sonic communication or noise e.g. to receive instruction, to communicate via radio, cell phone, or telephone): Continuous (67 - 100%). Must be able to discern correct interpretation of spoken words.

Identifies and considers alternative approaches to situations or problems.

Initiates communication with other individuals or teams to solve shared problems cooperatively.

Initiative

Knowledge of laws, legal codes, court procedures, precedents, government regulations, executive orders, agency rules, and the democratic political process.

Knowledge of the value of self-motivation and initiative; ability and willingness to seek out work and the drive to accomplish goals.

Lift: Occasional (1 - 33%).

Lift - Carry: Frequent (34 - 66%). Occasionally 20lbs, Frequently 10lbs.

Low Level Activity: Occasional (1 - 33%). Kneeling - Duration 30 seconds.

Machinery: Occasional (1 - 33%).

Pinch Grip: Occasional (1 - 33%).

Plays an active role in communicating acceptable behavior for personal effectiveness.

Potentially be exposed to blood, body fluids, or other biohazards, which includes any of the following:: No.

Potentially comes in contact with cytotoxic (hazardous) drugs which includes any of the following:: Yes.

Provide patient care?: No.

Push - Pull: Frequent (34 - 66%). Occasionally 20lbs, Frequently 10lbs.

Reinforces positive contributions and recommends adjustments for improving outcomes.

Reliably meets all team commitments, quotas, and goals.

Researches organizational and industry examples of similar business cases.

Reviews and discusses common problems with written text.

Reviews others' writing or presentations and provides feedback and coaching.

Self-Control: Continuous (67 - 100%). Must be able to display control and confidence even under stress or amidst distractions.

Sit: Continuous (67 - 100%). Two hours at a time up to eight to ten hours during the day.

Smell (Ability to sense odors, to make an assessment/judgement of a situation e.g. smell for dangerous gases, smoke, fires, spoiled food, vapors, dampness, waste, decomposing): Occasional (1 - 33%).

Speech (Ability to orally communicate information and ideas verbally so others will understand e.g. to verbally engage with customer base, to give instruction, to advise, to warn or to instruct): Continuous (67 - 100%). Ability to exchange information with others on the phone or in person.  Extensive interaction with customers, co-workers, directors, board members, physicians and all levels of staff and management - either in person or via telephone.

Stand/Walk: Occasional (1 - 33%). Stand ? Two hours at a time up to two hours during the day.
Walk ? Up to one hours during the day.

Stress (Exposed to stressful situations): Continuous (67 - 100%). Working with variety of co-workers at one time.  High accountability.  Must be able to establish priorities.  Works in an environment of frequent interruptions.  May be monitored for productivity and quality.

Technical Writing

Temperature Change: Occasional (1 - 33%).

Vision (Ability to distinguish objects e.g. to work safely in open areas with obstacles, to operate vehicles, machinery or equipment, avoid stationary objects, deduce space and apply spatial reasoning): Continuous (67 - 100%). Must be able to read legal text and sources, edit and proofread legal documentation.  Must be able to operate office equipment and efficiently use a computer.

Work in building where patient care is provided?: Yes. Depending on Department and Location.

Works with word processing software to process and organize basic documents."
R-16683,"Coder, Provider Practice | Clinic Coding",Coding,"Understands and supports the Medicare and Commercial Carrier workflows related to daily coding and denial review and appeals management, including the preparation of supporting documents and information to support the appeal process. Monitors and validates physician charge capture.Self-motivated with the ability to work independently, multi-task, problem solve and make informed and accurate recommendations to medical professionals based on current information. Participates in coding team meetings and serves as a subject matter expert.Reviews medical documentation from physicians and other healthcare providers; assigns modifiers, diagnostic and procedure codes for symptoms, diseases, injuries, surgeries and treatments according to official classification systems and standards. Uses relevant policies, procedures, and individual judgment to determine whether events or processes comply with laws, regulations, or standards.Provide accurate and timely international classification of disease ? tenth edition ? clinical modification (ICD-10) - CM coding of diagnoses, Healthcare Common Procedure Coding System (HCPCS) and Current Procedural Terminology (CPT) coding, and in accordance with official coding standards, regulatory coding compliance guidelines and company procedures.Review and audit medical record documentation accurately to reflect healthcare coding and to substantiate appropriate service reimbursement. Conveying coding guidelines to physicians and other healthcare providers to improve the accuracy of medical record documentation.Computer skills, the ability to interpret, analyze and abstract data/documentation, have good problem-solving skills, be self-motivated and have good time management and organizational skills.","Specialty is  Pediatrics.  Schedule is somewhat flexible:  can choose a set schedule between 5:00am - 11:00pm with 4 hours required to be worked during the 8:00am-5:00pm timeframe.

Serve as a resource for providers in understanding covered indications and the supporting documentation. Supports both technical and professional services in provider clinic as well as Ambulatory Surgery Centers (ASC) and in addition hospital professional services. Maintains a thorough understanding of National Correct Coding Initiative (NCCI) edits and relative value units as appropriate for the role.","AAPC, CPC",Bison Mall,Fargo,North Dakota,"Accountability

Assures accuracy using basic validation and cross-checking techniques.

Business Math

Collaborating

Communication

Conveys medical record documentation requirements to physicians to ensure that coding guidelines are applied for appropriate information recording.

Decision Making and Critical Thinking

Delivers written and oral communication, responds to questions and concerns, and produce specific outcomes and impact.

Demonstrates an ability to meet own responsibilities.

Demonstrates experience in participating in productive collaborative processes.

Discusses major health information coding guidelines and specifications (e.g. ICD, 10th Edition).

Embracing Challenge

Establishes and maintains productive working relationships within and outside of own area.

Follows organization's coding procedures and standards to conduct medical coding practices.

Identifies issues and communicates with others when a decision needs to be made.

Identifies key medical information coding concepts and features such as Current Procedural Terminology (CPT) and International Classification of Diseases (ICD).

Interpersonal Relationships

Medical Information Coding"
R-16845,Coding Specialist | Ophthalmology,Coding,Must meet productivity and quality standards. Requires ongoing review and adherence to a multitude of regulatory requirements that are constantly changing. Applies professional knowledge and uses critical thinking skills to assign codes to meet various payment groupings and medical necessity. Assigns Diagnosis-Related Group (DRGs) as well as codes for case mix groups (CMGs) for records. Works extensively with electronic medical record and with some paper based medical records.,"Assigns codes to diagnoses and procedures for medical records using current coding classification system and Current Procedural Terminology, 4th Edition (CPT-4) coding and classification systems. Coding assignments are made for the purposes of reimbursement, research, compliance with federal and state regulations/guidelines and for severity of illness.",,Bemidji 1611 Clinic,Bemidji,Minnesota,"Accountability

Accuracy and Attention to Detail

Communicates effectively with diverse audiences, using appropriate media and language.

Demonstrates an ability to meet own responsibilities.

Discusses major health information coding guidelines and specifications (e.g. ICD, 10th Edition).

Effective Communications

Establishes and maintains productive working relationships within and outside of own area.

Follows organization's coding procedures and standards to conduct medical coding practices.

Identifies key medical information coding concepts and features such as Current Procedural Terminology (CPT) and International Classification of Diseases (ICD).

Interpersonal Relationships

Medical Information Coding

Productively balances speed and accuracy.

Shares information, knowledge, and experiences openly and proactively.

Teamwork"
R-19426,Senior Coding Denial Analyst | Clinic Coding Denials,Coding,"Ability to call Payers to help identify the issue on a particular denial, being able to articulate well for final resolution. Identify, edit, and error related trends as well as coding denial trends.Responsible to accurately abstract diagnoses and treatments from documentation to support appropriate International Statistical Classification of Diseases (ICD)-10 and Current Procedural Terminology (CPT)/ Healthcare Common Procedure Coding System (HCPCS) coding.Provides information on findings and trends to enterprise coding denial leadership as requested for use in coder education and other communications. Requests the development of coding edits to provide real-time opportunities for coders to receive front-end alerts during the coding process, aiding in revenue cycle enhancements.Provides feedback and direction on coding related software edits, denial issues, reimbursement trends and billing/coding errors to Coding Denial Leadership.Working knowledge of anatomy, physiology, and pathophysiology to understand disease processes, treatment or management of medical or surgical conditions required. Current knowledge in coding schemes, prospective payment systems, clinical practices, and technology. Knowledge with Remark and Reason codes sent from payers as well as reading a remittance advice. Demonstrates computer skills and knowledge of information systems.Ability to effectively train others to achieve maximum accuracy. Must have knowledge of state and federal laws, rules and regulations.","Research and analyze coding related claim edits, denials, internal edits, Patient Financial Services (PFS) questions and concerns, as well as coding compliance software audit messages, to optimize reimbursement for Sanford.",,Annex Building,Fargo,North Dakota,"úÿÿÿÿÿÿÿ Category I: No.

úÿÿÿÿÿÿÿ Category II: No.

úÿÿÿÿÿÿÿ Category III: No.

úÿÿÿÿÿÿÿ Clean, repair, or replace patient equipment: No.

úÿÿÿÿÿÿÿ Clean blood spills: No.

úÿÿÿÿÿÿÿ Handle or dispose of contaminated sharps: No.

úÿÿÿÿÿÿÿ Handle regulated waste: No.

úÿÿÿÿÿÿÿ Handle specimens of infectious materials: No.

úÿÿÿÿÿÿÿ Housekeeping tasks in patient and lab areas: No.

úÿÿÿÿÿÿÿ Interaction with patients for any reason: No.

úÿÿÿÿÿÿÿ Preparation or administration of cytotoxic drugs: No.

úÿÿÿÿÿÿÿ Trained and responsible for rendering first aid: No.

úÿÿÿÿÿÿÿ Unpacking, storage or disposal of cytotoxic drugs: No.

Accuracy and Attention to Detail

Analyzes the newest medical coding industry standards and assesses possible impacts on the organization.

Atmospheric: Occasional (1 - 33%).

Balance: Occasional (1 - 33%).

Bend - Reach: Occasional (1 - 33%). Kneeling - Duration 30 sec. Twisting.

Be required to check patient identification bands?: No.

Be required to take Basic Life Support (BLS/CPR): No.

Climb: Occasional (1 - 33%).

Communicates effectively with diverse audiences, using appropriate media and language.

Concentration (Ability to concentrate on work tasks amidst distractions): Continuous (67 - 100%). Must be able to work with frequent interruptions from co-workers and customers in a multi-task environment.  Work must be done accurately.

Effective Communications

Elevated Activity: Occasional (1 - 33%).

Embracing Challenge

Establishes and maintains effective working relationship with each team member.

Exposure to Noise: Occasional (1 - 33%).

Follows organization's coding procedures and standards to conduct medical coding practices.

General Computer Competencies

Hand Coordination: Continuous (67 - 100%). Keyboarding/Use of Mouse.

Hand Grip: Occasional (1 - 33%).

Handle laundry contaminated with blood or other potentially infectious materials?: No.

Have primary duties that include driving a vehicle, Sanford owned or personal, to perform Sanford business. If yes, please categorize. (Refer to Appendix C on page 8 of the Driver Classification Policy):: No.

Hearing (Ability to actively listen; oral comprehension, to perceive and react to sonic communication or noise e.g. to receive instruction, to communicate via radio, cell phone, or telephone): Continuous (67 - 100%). Extensive need to understand, communicate and listen.  Must be able to communicate orally with customer in person or by phone.

Lift: Occasional (1 - 33%).

Lift - Carry: Occasional (1 - 33%). Occasionally 20lbs, Frequently 10lbs.

Low Level Activity: Occasional (1 - 33%). Squatting. Twisting.

Machinery: Occasional (1 - 33%).

Medical Information Coding

Pinch Grip: Occasional (1 - 33%).

Potentially be exposed to blood, body fluids, or other biohazards, which includes any of the following:: No.

Potentially comes in contact with cytotoxic (hazardous) drugs which includes any of the following:: No.

Processes large quantities of detailed information with high levels of accuracy.

Provide patient care?: No.

Push - Pull: Occasional (1 - 33%). Occasionally 20lbs, Frequently 10lbs.

Self-Control: Continuous (67 - 100%). Must be able to maintain control at all times no matter how stressful the situation becomes.  Must be able to handle and communicate with all work situations in a professional manner.

Sit: Continuous (67 - 100%). Four hours at a time up to four to seven hours during the day.

Smell (Ability to sense odors, to make an assessment/judgement of a situation e.g. smell for dangerous gases, smoke, fires, spoiled food, vapors, dampness, waste, decomposing): Occasional (1 - 33%).

Speech (Ability to orally communicate information and ideas verbally so others will understand e.g. to verbally engage with customer base, to give instruction, to advise, to warn or to instruct): Continuous (67 - 100%). Extensive requirements for interaction with co-workers and customers.

Stand/Walk: Occasional (1 - 33%). Stand ?  One hour at a time up to two to three hours during the day.
Walk ? 15 minutes at a time up to one hour during the day.

Stress (Exposed to stressful situations): Continuous (67 - 100%). Fluctuations in workload.  Work in fast-paced complex, rapidly changing environment.

Teamwork

Temperature Change: Occasional (1 - 33%).

Uses a variety of computer hardware, operating systems, utilities and applications.

Vision (Ability to distinguish objects e.g. to work safely in open areas with obstacles, to operate vehicles, machinery or equipment, avoid stationary objects, deduce space and apply spatial reasoning): Continuous (67 - 100%). Must be able to discern small print/numbers on computer screens and read procedures and policies.

Work in building where patient care is provided?: No."
R-11716,Security Officer | Security,Security,"Monitors conduct of visitors on premises and confronts unauthorized persons for questioning. Reports safety, fire hazards or security violations. Responds to all requests for assistance from employees, patients and visitors. Assists with any and all situation; i.e., problem-solving with positive outcomes. May escort personnel to and from parking areas as requested. Maintains records and prepares incident reports and other documents pertinent to security activities. Ability to work with all age groups. Must be able to prioritize calls for service in order of urgency based on safety needs. Sanford security officers are expected to work in highly stressful situations in which they are to de-escalate the situation as soon as possible. All Sanford security officers are requires to maintain awareness of local laws which affect the way individuals conduct themselves on private property. The necessary skills that are required involve the following: communicate effectively with all customers, ability to write professional reports, demonstrate the physical ability to perform basic security officers functions as trained. This position may have access to areas where medications are stored in order to perform their specific job related functions.","Enforces Sanford policies and procedures with all patients, visitors and staff. Patrols and secures facility buildings and grounds as assigned.",,Sanford Medical Center Fargo,Fargo,North Dakota,
R-12512,Security Officer | Security Services,Security,"Monitors conduct of visitors on premises and confronts unauthorized persons for questioning. Reports safety, fire hazards or security violations. Responds to all requests for assistance from employees, patients and visitors. Assists with any and all situation; i.e., problem-solving with positive outcomes. May escort personnel to and from parking areas as requested. Maintains records and prepares incident reports and other documents pertinent to security activities. Ability to work with all age groups. Must be able to prioritize calls for service in order of urgency based on safety needs. Sanford security officers are expected to work in highly stressful situations in which they are to de-escalate the situation as soon as possible. All Sanford security officers are requires to maintain awareness of local laws which affect the way individuals conduct themselves on private property. The necessary skills that are required involve the following: communicate effectively with all customers, ability to write professional reports, demonstrate the physical ability to perform basic security officers functions as trained. This position may have access to areas where medications are stored in order to perform their specific job related functions.","Enforces Sanford policies and procedures with all patients, visitors and staff. Patrols and secures facility buildings and grounds as assigned.",,Sanford Medical Center Fargo,Fargo,North Dakota,"Accountability

Accuracy and Attention to Detail

Analyzes the interests or requirements of the audience; shares only relevant information in a direct and efficient manner.

Answer alarms and investigate disturbances.

Applies appropriate confidentiality and the sense of urgency in confidential investigations.

Approaches a situation or problem by defining the problem or issue and determining its significance.

Circulate among visitors, patrons, or employees to preserve order and protect property.

Communication

Continuous Learning

General Computer Competencies

High School/General Education Diploma

Monitor and authorize entrance and departure of employees, visitors, and other persons to guard against theft and maintain security of premises.

Problem Solving

Responds to and investigates potential and actual security violations.

Service Excellence

Taking Ownership

Teamwork

Write reports of daily activities and irregularities, such as equipment or property damage, theft, presence of unauthorized persons, or unusual occurrences."
R-17126,Supervisor | Security,Security,"Maintain schedule for Security Officers for all shifts. Monitors conduct of visitors on premises and confronts unauthorized persons for questioning. Reports safety, fire hazards or security violations. Responds to all requests for assistance from employees and visitors. Assists with any and all situation; i.e., problem-solving with positive outcomes. May escort personnel to and from parking areas as requested. Maintains records and prepares incident reports and other documents pertinent to security activities. Ability to work with all age groups. Must be able to prioritize calls for service in order of urgency based on safety needs. Sanford security officers are expected to work in highly stressful situations in which they are to de-escalate the situation as soon as possible. All Sanford security officers are required to maintain awareness of local laws which affect the way individuals conduct themselves on private property. The necessary skills that are required involve the following: communicate effectively with all customers, ability to write professional reports, demonstrate the physical ability to perform basic security officers functions as trained. Maintain good working relationships with local law enforcement officers.","Enforces Sanford policies and procedures with all patients, visitors and staff. Patrols and secures facility buildings and grounds as assigned.",,Sanford Medical Center Fargo,Fargo,North Dakota,"Communicate security status, updates, and actual or potential problems, using established protocols.

Communication

Continuous Learning

Delegation

Delivers written and oral communication, responds to questions and concerns, and produce specific outcomes and impact.

Effective Communications

General Computer Competencies

Helps others to identify and work around problems that could impede progress.

Identify, investigate, or resolve security breaches.

Interpersonal Relationships

Mentoring Others

Plan, direct, or coordinate security activities to safeguard company assets, employees, guests, or others on company property.

Problem Solving

Service Excellence

Supervise or provide leadership to subordinate security professionals, performing activities, such as hiring, investigation, training, assigning work, evaluating performance, or disciplining.

Team Building"
R-17307,Security Officer,Security,"Monitors conduct of visitors on premises and confronts unauthorized persons for questioning. Reports safety, fire hazards or security violations. Responds to all requests for assistance from employees, patients and visitors. Assists with any and all situation; i.e., problem-solving with positive outcomes. May escort personnel to and from parking areas as requested. Maintains records and prepares incident reports and other documents pertinent to security activities. Ability to work with all age groups. Must be able to prioritize calls for service in order of urgency based on safety needs. Sanford security officers are expected to work in highly stressful situations in which they are to de-escalate the situation as soon as possible. All Sanford security officers are requires to maintain awareness of local laws which affect the way individuals conduct themselves on private property. The necessary skills that are required involve the following: communicate effectively with all customers, ability to write professional reports, demonstrate the physical ability to perform basic security officers functions as trained. This position may have access to areas where medications are stored in order to perform their specific job related functions.","Enforces Sanford policies and procedures with all patients, visitors and staff. Patrols and secures facility buildings and grounds as assigned.",,Thief River Falls Medical Center,Thief River Falls,Minnesota,"Accountability

Accuracy and Attention to Detail

Analyzes the interests or requirements of the audience; shares only relevant information in a direct and efficient manner.

Answer alarms and investigate disturbances.

Applies appropriate confidentiality and the sense of urgency in confidential investigations.

Approaches a situation or problem by defining the problem or issue and determining its significance.

Circulate among visitors, patrons, or employees to preserve order and protect property.

Communication

Continuous Learning

General Computer Competencies

Monitor and authorize entrance and departure of employees, visitors, and other persons to guard against theft and maintain security of premises.

Problem Solving

Responds to and investigates potential and actual security violations.

Service Excellence

Taking Ownership

Teamwork

Write reports of daily activities and irregularities, such as equipment or property damage, theft, presence of unauthorized persons, or unusual occurrences."
R-15595,IT Security Specialist | IT Security | Multi-City,IT Security,"Will implement additional technology changes as required. Required to develop, implement, and maintain security policies, procedures, and guidelines. Facilitates system access, operations, and maintenance. Monitors and reviews current security practices for compliance with the HIPAA security standards. Provides resolutions for controlling security risks and threats in IT environments. Delivers training to staff on information security administration procedures. Executes and participates in risk assessments and audits. Investigates and recommends corrective actions for data security incidents to clients and project stakeholders. Identifies regulatory changes that will affect information security policies, standards and procedures and recommends appropriate changes. Must be a good communicator who can understand technical issues and translate them to non-technical users.",The IT Security Specialist is responsible for security administration and policy/procedure management.  The security specialist is required to perform security administration on a variety of computer systems including the creation and maintenance of security users and profiles.,,Bemidji Medical Center,Bemidji,Minnesota,"Accountability

Collaborating

Continuous Learning

Contributes to the development and implementation of specific procedures.

Customer Focus

Decision Making and Critical Thinking

Delivers written and oral communication, responds to questions and concerns, and produce specific outcomes and impact.

Develops trust and credibility by acting in a consistent, genuine manner.

Exhibits a personal standard of excellence marked by honesty and integrity.

Implements methods for improving and establishing controls for critical processes.

Information Security Technologies

Initiative

Innovation

Maintains a sense of urgency and a positive attitude.

Managing Multiple Priorities

Participates in evaluating information security features against business requirements.

Responds to day-to-day operational priorities while still making progress on project work.

Teamwork"
R-16044,Senior Security IT Specialist |  IT Security | Bemidji,IT Security,"Will implement additional technology changes as required. Required to develop, implement, and maintain security policies, procedures, and guidelines. Required to monitor and review security practices for compliance with the Sanford and HIPAA security standards. This includes in-depth audits and risk assessments of vendors and systems. Required to evaluate and implement security related technology. Required to monitor and track software usage to ensure compliance with software licensing agreements. The senior specialist must be a motivated individual able to work with minimal direction and oversight. Must be organized and able to effectively manage multiple priorities. Must be a creative thinker with excellent written and oral communication skills. Must be able to effectively communicate complex thoughts and ideas to both technical and non-technical users. Must be able to understand technical issues and translate them to non-technical users. Will be required to make presentations to a variety of internal and external staff, vendors, and partners. Must be able to effectively manage and lead meetings. Will be required to create a variety of both technical and non-technical documents. Must be able to promote and instruct others regarding security policies and procedures. Must have a strong working knowledge of information security concepts in a multiplatform environment. Must have the ability and desire to constantly learn new technologies and keep up to date with the latest security trends.","The Senior IT Security Specialist is responsible for advanced security administration, policy/procedure management, risk and control assessments, and audit. The senior specialist is required to perform security administration on a variety of computer systems including the creation and maintenance of security users and profiles.",,Bemidji East It Building (inactive),Bemidji,Minnesota,"Accountability

Bachelor Degree

Collaborating

Continuous Learning

Contributes to the development and implementation of specific procedures.

Customer Focus

Decision Making and Critical Thinking

Delivers written and oral communication, responds to questions and concerns, and produce specific outcomes and impact.

Develops trust and credibility by acting in a consistent, genuine manner.

Exhibits a personal standard of excellence marked by honesty and integrity.

Implements methods for improving and establishing controls for critical processes.

Information Security Technologies

Initiative

Innovation

Maintains a sense of urgency and a positive attitude.

Managing Multiple Priorities

Optimizes operational standards for securing information assets.

Responds to day-to-day operational priorities while still making progress on project work.

Teamwork"
R-17046,Lead IT Security Engineer | IT Security | Multi-City,IT Security,"Required to analyze security using a variety of computer systems including security information and event management (SIEM), email filtering, phishing detection, web filtering, firewalls, intrusion prevention, data loss prevention, and data encryption. Executes and participates in security assessments and audits. Monitors and reviews current security practices for compliance with the Health Insurance Portability and Accountability Act (HIPAA) security standards.
Reviews and provides guidance for security configuration of Servers, Firewalls, virtual private network (VPN), Intrusion Prevention Systems, Routers and Switches. Leads the development of security policies, procedures, and guidelines to protect data assets and information technology. Monitors and reviews current security practices for compliance with the Sanford and HIPAA security standards. Required to lead and manage projects and project teams within and outside the security department.
Must maintain an in-depth understanding of current and emerging security threats and recommend upgrades to the organization's technical infrastructure to protect against such threats. Must be an excellent communicator who can understand technical issues and translate them to non-technical users. Must conduct effective meetings on high-impact, critical issues at all levels of the organization. Must be organized and able to effectively manage multiple priorities. Will be required to create a variety of both technical and non-technical documents. Provides effective formal instruction to a variety of staff and serves as a mentor to others.
Provides day-to-day direction and assigns tasks to staff. Serves as the go to source for complex questions and issues, as well as provides subject-matter and technical expertise. Provides highly effective solutions to very complex technical challenges, applying outstanding technical competence to understand and resolve issues.","The Lead IT Security Engineer is responsible to identify, evaluate, and implement technical security controls to prevent, detect, contain, and respond to information security threats.",,Stevens Center Building,Sioux Falls,South Dakota,"Accountability

Bachelor Degree

Clarifies individuals' responsibilities and work priorities and how their roles contribute to organizational goals.

Collaborating

Continuous Learning

Contributes to the development and implementation of specific procedures.

Customer Focus

Decision Making and Critical Thinking

Delivers written and oral communication, responds to questions and concerns, and produce specific outcomes and impact.

Develops trust and credibility by acting in a consistent, genuine manner.

Exhibits a personal standard of excellence marked by honesty and integrity.

Implements methods for improving and establishing controls for critical processes.

Information Security Technologies

Initiative

Innovation

Maintains a sense of urgency and a positive attitude.

Managing Multiple Priorities

Master Degree

Monitors industry for emerging or improved information security technologies.

Predicts security issues and their potential impact on customer operations.

Responds to day-to-day operational priorities while still making progress on project work.

Seeks opportunities to serve as a mentor.

Teamwork"
